-- phpMyAdmin SQL Dump
-- version 5.2.1
-- https://www.phpmyadmin.net/
--
-- Host: 127.0.0.1
-- Generation Time: Nov 24, 2024 at 07:56 PM
-- Server version: 10.4.32-MariaDB
-- PHP Version: 8.0.30

SET SQL_MODE = "NO_AUTO_VALUE_ON_ZERO";
START TRANSACTION;
SET time_zone = "+00:00";


/*!40101 SET @OLD_CHARACTER_SET_CLIENT=@@CHARACTER_SET_CLIENT */;
/*!40101 SET @OLD_CHARACTER_SET_RESULTS=@@CHARACTER_SET_RESULTS */;
/*!40101 SET @OLD_COLLATION_CONNECTION=@@COLLATION_CONNECTION */;
/*!40101 SET NAMES utf8mb4 */;

--
-- Database: `opportunity`
--

-- --------------------------------------------------------

--
-- Table structure for table `application_logs`
--

CREATE TABLE `application_logs` (
  `jobid` int(15) NOT NULL,
  `employer_userid` int(15) NOT NULL,
  `job_position` varchar(255) NOT NULL,
  `company_name` varchar(50) NOT NULL,
  `first_name` varchar(50) NOT NULL,
  `last_name` varchar(50) NOT NULL,
  `jobsdec` varchar(255) NOT NULL,
  `jobseeker_userid` int(15) NOT NULL,
  `datetime_apply` datetime NOT NULL DEFAULT current_timestamp(),
  `user_status` varchar(50) NOT NULL
) ENGINE=InnoDB DEFAULT CHARSET=utf8mb4 COLLATE=utf8mb4_general_ci;

--
-- Dumping data for table `application_logs`
--

INSERT INTO `application_logs` (`jobid`, `employer_userid`, `job_position`, `company_name`, `first_name`, `last_name`, `jobsdec`, `jobseeker_userid`, `datetime_apply`, `user_status`) VALUES
(495694599, 226780112, 'Manager', 'Veeny Company', 'armabel', 'ramos', '', 928470641, '2024-11-17 20:05:55', 'Waiting List'),
(495694599, 226780112, 'Manager', 'Veeny Company', 'Christian', 'De Guzman', '', 770944389, '2024-11-17 21:42:54', 'Waiting List'),
(170570573, 226780112, 'Fry Cook', 'Krusty Krab', 'Leander', 'Ochea', '', 323862607, '2024-11-18 03:37:25', 'Accepted'),
(170570573, 226780112, 'Fry Cook', 'Krusty Krab', 'armabel', 'ramos', '', 928470641, '2024-11-18 03:38:01', 'Accepted'),
(170570573, 226780112, 'Fry Cook', 'Krusty Krab', 'Christian', 'De Guzman', '', 770944389, '2024-11-18 13:48:38', 'Accepted'),
(265309059, 927438730, 'Janitor', 'On point', 'Christian', 'De Guzman', '', 770944389, '2024-11-18 14:21:30', 'Waiting List'),
(265309059, 927438730, 'Janitor', 'On point', 'Leander', 'Ochea', '', 323862607, '2024-11-18 14:22:25', 'Waiting List'),
(495694599, 226780112, 'Manager', 'Veeny Company', 'Tejedo', 'San Juan', '', 324383166, '2024-11-19 01:18:23', 'Waiting List'),
(170570573, 226780112, 'Fry Cook', 'Krusty Krab', 'Tejedo', 'San Juan', '', 324383166, '2024-11-19 20:38:19', 'Accepted'),
(265309059, 927438730, 'Janitor', 'On point', 'Tejedo', 'San Juan', '', 324383166, '2024-11-19 21:28:08', 'Waiting List'),
(170570573, 226780112, 'Fry Cook', 'Krusty Krab', 'Arlyn', 'Musada', '', 334151679, '2024-11-22 03:24:24', 'Accepted'),
(265309059, 927438730, 'Janitor', 'On point', 'armabel', 'ramos', '', 928470641, '2024-11-24 12:52:17', 'Waiting List'),
(431194673, 226780112, 'backend Developer', 'Gabtopia', 'armabel', 'ramos', '', 928470641, '2024-11-24 20:29:34', 'Waiting List'),
(170570573, 226780112, 'Fry Cook', 'Krusty Krab', 'try', 'lang', '', 752150559, '2024-11-24 20:35:01', 'Rejected');

-- --------------------------------------------------------

--
-- Table structure for table `job`
--

CREATE TABLE `job` (
  `jobid` int(15) NOT NULL,
  `companyname` varchar(50) NOT NULL,
  `jobname` varchar(50) NOT NULL,
  `jobdesc` varchar(255) NOT NULL,
  `job_location` varchar(255) NOT NULL,
  `salary` int(15) NOT NULL,
  `requirements` varchar(255) NOT NULL,
  `qualities` varchar(255) NOT NULL,
  `expectation` varchar(255) NOT NULL,
  `joblogo` blob NOT NULL,
  `userid` int(50) NOT NULL,
  `datetime_job_created` datetime NOT NULL DEFAULT current_timestamp(),
  `job_status` varchar(50) NOT NULL,
  `job_limit` int(15) NOT NULL
) ENGINE=InnoDB DEFAULT CHARSET=utf8mb4 COLLATE=utf8mb4_general_ci;

--
-- Dumping data for table `job`
--

INSERT INTO `job` (`jobid`, `companyname`, `jobname`, `jobdesc`, `job_location`, `salary`, `requirements`, `qualities`, `expectation`, `joblogo`, `userid`, `datetime_job_created`, `job_status`, `job_limit`) VALUES
(305855654, 'Pope Water Corp.', 'Delivery Boy', 'Flexible', 'Limay, Bataan', 12000, 'must have drivers license', 'at least 2years of driving experience', 'know how to handle customers', '', 692307636, '2024-11-17 01:49:45', 'Hiring', 5),
(431194673, 'Gabtopia', 'backend Developer', 'You\'ll need to communicate to your teams in order to get better performance', 'Mariveles, Bataan', 15000, 'must know: Python, Rust, PHP, JavaScript', 'N/A', 'N/A', '', 226780112, '2024-11-17 12:34:49', 'Hiring', 5),
(265309059, 'On point', 'Janitor', 'Dental cleaning', 'Limay, Bataan', 2000, 'PSA, CV', 'Multitasking', 'Lot of patience, Socialize', '', 927438730, '2024-11-17 15:15:23', 'Hiring', 5),
(495694599, 'Veeny Company', 'Manager', 'Manage things', 'Balanga, Bataan', 20000, 'PSA, CV, valid ID', 'College Graduate, Bachelors Degree', 'N/A', '', 226780112, '2024-11-17 20:05:29', 'Hiring', 5),
(170570573, 'Krusty Krab', 'Fry Cook', 'N/A', 'Bikini Bottom', 2000, 'High School Graduate/College Graduate', 'good at cooking', 'N/A', '', 226780112, '2024-11-17 23:00:43', 'Full', 5);

-- --------------------------------------------------------

--
-- Table structure for table `user`
--

CREATE TABLE `user` (
  `user_ID` int(15) NOT NULL,
  `user_type` varchar(30) NOT NULL,
  `user_firstname` varchar(50) NOT NULL,
  `user_lastname` varchar(50) NOT NULL,
  `user_username` varchar(50) NOT NULL,
  `user_password` varchar(50) NOT NULL,
  `user_sex` varchar(25) NOT NULL,
  `experience_job_title` varchar(999) NOT NULL,
  `experience_job_company` varchar(999) NOT NULL,
  `experience_job_started` date DEFAULT NULL,
  `experience_job_ended` date DEFAULT NULL,
  `home_location` varchar(999) NOT NULL,
  `preferred_classification` varchar(999) NOT NULL,
  `sub_classification` varchar(999) NOT NULL,
  `profile_photo` blob NOT NULL,
  `datetime_user_created` datetime NOT NULL DEFAULT current_timestamp(),
  `user_notification` tinyint(1) NOT NULL
) ENGINE=InnoDB DEFAULT CHARSET=utf8mb4 COLLATE=utf8mb4_general_ci;

--
-- Dumping data for table `user`
--

INSERT INTO `user` (`user_ID`, `user_type`, `user_firstname`, `user_lastname`, `user_username`, `user_password`, `user_sex`, `experience_job_title`, `experience_job_company`, `experience_job_started`, `experience_job_ended`, `home_location`, `preferred_classification`, `sub_classification`, `profile_photo`, `datetime_user_created`, `user_notification`) VALUES
(323862607, 'employee', 'Leander', 'Ochea', 'lpochea@bpsu.edu.ph', 'macmacpalo', '', '', '', NULL, NULL, '', '', '', '', '2024-11-15 23:37:48', 0),
(226780112, 'employer', 'Marc', 'Parubrub', 'bengbeng@gmail.com', 'milo', '', '', '', NULL, NULL, '', '', '', '', '2024-11-15 23:37:48', 0),
(752150559, 'employee', 'try', 'lang', 'admin@gmail.com', 'admin', '', '', '', NULL, NULL, '', '', '', '', '2024-11-15 23:37:48', 0),
(692307636, 'employer', 'Veeny', 'Bautista', 'strawberry@gmail.com', '123', '', '', '', NULL, NULL, '', '', '', '', '2024-11-15 23:37:48', 0),
(615124876, 'employer', 'Sam', 'Perello', 'sambro@gmail.com', '123', '', '', '', NULL, NULL, '', '', '', '', '2024-11-15 23:40:24', 0),
(928470641, 'employee', 'armabel', 'ramos', 'aramos@gmail.com', 'qwe', '', '', '', NULL, NULL, '', '', '', '', '2024-11-16 12:56:07', 0),
(927438730, 'employer', 'Francis', 'jinis', 'mizu@gmail.com', '123', '', '', '', NULL, NULL, '', '', '', '', '2024-11-17 15:12:58', 0),
(770944389, 'employee', 'Christian', 'De Guzman', 'ian@gmail.com', '123', '', '', '', NULL, NULL, '', '', '', '', '2024-11-17 15:16:28', 0),
(324383166, 'employee', 'Tejedo', 'San Juan', 'tj@gmail.com', '123', '', '', '', NULL, NULL, '', '', '', '', '2024-11-19 01:10:37', 0),
(334151679, 'employee', 'Arlyn', 'Musada', 'meow@gmail.com', 'asd', '', '', '', NULL, NULL, '', '', '', '', '2024-11-22 02:24:10', 0);
INSERT INTO `user` (`user_ID`, `user_type`, `user_firstname`, `user_lastname`, `user_username`, `user_password`, `user_sex`, `experience_job_title`, `experience_job_company`, `experience_job_started`, `experience_job_ended`, `home_location`, `preferred_classification`, `sub_classification`, `profile_photo`, `datetime_user_created`, `user_notification`) VALUES
(348553259, 'employer', 'Sandy', 'Cheeks', 'texas@gmail.com', 'nuts', 'Female', 'Cook', 'Pepito Mineral water', '2020-02-20', '2024-05-10', 'Hermosa, Bataan', 'N/A', 'N/A', 0x89504e470d0a1a0a0000000d49484452000003e8000003e808060000004da3d4e400002000494441547801ecbd598c655b9adfb58733c594c3cdbcf7d6adc1b41a4a344608d3966868688cc16e6861091a09f9058118841018c133bcc003bcc3038f3c0002cb6db08c84c0022cd9ea661006fc8068c094aba1eaf6adbab7ea0e99911171a6bdf9ffd7daeb9c7d4e9c1319111991b923f76f679cb3e661ffd63a3bd7b7bf35e4555d675c10800004200001084000021080000420000108bc5b0283fcdd964fe91080000420000108400002108000042000010888c000fd39fd000210800004200001084000021080000420f0ee09a0417ff76d400d20000108400002108000042000010840000268d0e9031080000420000108400002108000042000812e104083de8556a00e10800004200001084000021080000420d07b02ac41ef7d170000042000010840000210800004200001087481001af42eb402758000042000010840000210800004200081de134083defb2e000008400002108000042000010840000210e8020134e85d6805ea0001084000021080000420000108400002bd278006bdf75d000010800004200001084000021080000420d0050268d0bbd00ad401021080000420000108400002108000047a4f000d7aefbb000020000108400002108000042000010840a00b04d0a077a115a80304200001084000021080000420000108f49e001af4de77010040000210800004200001084000021080401708a041ef422b500708400002108000042000010840000210e83d0134e8bdef020080000420000108400002108000042000812e104083de8556a00e10800004200001084000021080000420d07b0268d07bdf050000010840000210800004200001084000025d208006bd0bad401d20000108400002108000042000010840a0f704d0a0f7be0b000002108000042000010840000210800004ba40000d7a175a813a4000021080000420000108400002108040ef09a041ef7d170000042000010840000210800004200001087481001af42eb402758000042000010840000210800004200081de134083defb2e000008400002108000042000010840000210e8020134e85d6805ea0001084000021080000420000108400002bd278006bdf75d000010800004200001084000021080000420d0050268d0bbd00ad401021080000420000108400002108000047a4f000d7aefbb000020000108400002108000042000010840a00b04d0a077a115a80304200001084000021080000420000108f49e001af4de77010040000210800004200001084000021080401708a041ef422b500708400002108000042000010840000210e83d0134e8bdef020080000420000108400002108000042000812e104083de8556a00e10800004200001084000021080000420d07b0268d07bdf050000010840000210800004200001084000025d208006bd0bad401d20000108400002108000042000010840a0f704d0a0f7be0b000002108000042000010840000210800004ba40000d7a175a813a4000021080000420000108400002108040ef09a041ef7d170000042000010840000210800004200001087481001af42eb402758000042000010840000210800004200081de134083defb2e000008400002108000042000010840000210e8020134e85d6805ea0001084000021080000420000108400002bd278006bdf75d000010800004200001084000021080000420d0050268d0bbd00ad401021080000420000108400002108000047a4f000d7aefbb000020000108400002108000042000010840a00b04d0a077a115a80304200001084000021080000420000108f49e001af4de77010040000210800004200001084000021080401708a041ef422b500708400002108000042000010840000210e83d0134e8bdef020080000420000108400002108000042000812e104083de8556a00e10800004200001084000021080000420d07b0268d07bdf050000010840000210800004200001084000025d208006bd0bad401d20000108400002108000042000010840a0f704d0a0f7be0b000002108000042000010840000210800004ba40000d7a175a813a4000021080000420000108400002108040ef09a041ef7d170000042000010840000210800004200001087481001af42eb402758000042000010840000210800004200081de134083defb2e000008400002108000042000010840000210e8020134e85d6805ea0001084000021080000420000108400002bd278006bdf75d000010800004200001084000021080000420d0050268d0bbd00ad401021080000420000108400002108000047a4f000d7aefbb000020000108400002108000042000010840a00b04d0a077a115a80304200001084000021080000420000108f49e001af4de77010040000210800004200001084000021080401708a041ef422b500708400002108000042000010840000210e83d0134e8bdef020080000420000108400002108000042000812e104083de8556a00e10800004200001084000021080000420d07b0268d07bdf050000010840000210800004200001084000025d208006bd0bad401d20000108400002108000042000010840a0f704d0a0f7be0b000002108000042000010840000210800004ba40000d7a175a813a4000021080000420000108400002108040ef09a041ef7d170000042000010840000210800004200001087481001af42eb402758000042000010840000210800004200081de134083defb2e000008400002108000042000010840000210e8020134e85d6805ea0001084000021080000420000108400002bd278006bdf75d000010800004200001084000021080000420d0050268d0bbd00ad401021080000420000108400002108000047a4f000d7aefbb000020000108400002108000042000010840a00b04d0a077a115a80304200001084000021080000420000108f49e001af4de77010040000210800004200001084000021080401708a041ef422b500708400002108000042000010840000210e83d0134e8bdef020080000420000108400002108000042000812e104083de8556a00e10800004200001084000021080000420d07b0268d07bdf050000010840000210800004200001084000025d208006bd0bad401d20000108400002108000042000010840a0f704d0a0f7be0b000002108000042000010840000210800004ba40000d7a175a813a4000021080000420000108400002108040ef09a041ef7d170000042000010840000210800004200001087481001af42eb402758000042000010840000210800004200081de134083defb2e000008400002108000042000010840000210e8020134e85d6805ea0001084000021080000420000108400002bd278006bdf75d000010800004200001084000021080000420d0050268d0bbd00ad401021080000420000108400002108000047a4f000d7aefbb000020000108400002108000042000010840a00b04d0a077a115a80304200001084000021080000420000108f49e001af4de77010040000210800004200001084000021080401708a041ef422b500708400002108000042000010840000210e83d0134e8bdef020080000420000108400002108000042000812e104083de8556a00e10800004200001084000021080000420d07b0268d07bdf050000010840000210800004200001084000025d208006bd0bad401d20000108400002108000042000010840a0f704d0a0f7be0b000002108000042000010840000210800004ba40000d7a175a813a4000021080000420000108400002108040ef09a041ef7d170000042000010840000210800004200001087481001af42eb402758000042000010840000210800004200081de134083defb2e000008400002108000042000010840000210e8020134e85d6805ea0001084000021080000420000108400002bd278006bdf75d000010800004200001084000021080000420d0050268d0bbd00ad401021080000420000108400002108000047a4f000d7aefbb000020000108400002108000042000010840a00b04d0a077a115a80304200001084000021080000420000108f49e001af4de77010040000210800004200001084000021080401708a041ef422b500708400002108000042000010840000210e83d0134e8bdef020080000420000108400002108000042000812e104083de8556a00e10800004200001084000021080000420d07b0268d07bdf050000010840000210800004200001084000025d208006bd0bad401d20000108400002108000042000010840a0f704d0a0f7be0b000002108000042000010840000210800004ba40000d7a175a813a4000021080000420000108400002108040ef09a041ef7d170000042000010840000210800004200001087481001af42eb402758000042000010840000210800004200081de134083defb2e000008400002108000042000010840000210e8020134e85d6805ea0001084000021080000420000108400002bd278006bdf75d000010800004200001084000021080000420d0050268d0bbd00ad401021080000420000108400002108000047a4f000d7aefbb000020000108400002108000042000010840a00b04d0a077a115a80304200001084000021080000420000108f49e001af4de77010040000210800004200001084000021080401708a041ef422b500708400002108000042000010840000210e83d0134e8bdef020080000420000108400002108000042000812e104083de8556a00e10800004200001084000021080000420d07b0268d07bdf050000010840000210800004200001084000025d208006bd0bad401d20000108400002108000042000010840a0f704d0a0f7be0b000002108000042000010840000210800004ba40000d7a175a813a4000021080000420000108400002108040ef09a041ef7d170000042000010840000210800004200001087481001af42eb402758000042000010840000210800004200081de134083defb2e000008400002108000042000010840000210e8020134e85d6805ea0001084000021080000420000108400002bd278006bdf75d000010800004200001084000021080000420d0050268d0bbd00ad401021080000420000108400002108000047a4f000d7aefbb000020000108400002108000042000010840a00b04d0a077a115a80304200001084000021080000420000108f49e001af4de77010040000210800004200001084000021080401708a041ef422b500708400002108000042000010840000210e83d0134e8bdef020080000420000108400002108000042000812e104083de8556a00e10800004200001084000021080000420d07b0268d07bdf050000010840000210800004200001084000025d208006bd0bad401d20000108400002108000042000010840a0f704d0a0f7be0b000002108000042000010840000210800004ba40000d7a175a813a4000021080000420000108400002108040ef09a041ef7d170000042000010840000210800004200001087481001af42eb402758000042000010840000210800004200081de134083defb2e000008400002108000042000010840000210e8020134e85d6805ea0001084000021080000420000108400002bd278006bdf75d000010800004200001084000021080000420d0050268d0bbd00ad401021080000420000108400002108000047a4f000d7aefbb000020000108400002108000042000010840a00b04d0a077a115a80304200001084000021080000420000108f49e001af4de77010040000210800004200001084000021080401708a041ef422b500708400002108000042000010840000210e83d0134e8bdef020080000420000108400002108000042000812e104083de8556a00e10800004200001084000021080000420d07b0268d07bdf050000010840000210800004200001084000025d208006bd0bad401d20000108400002108000042000010840a0f704d0a0f7be0b000002108000042000010840000210800004ba40000d7a175a813a4000021080000420000108400002108040ef09a041ef7d170000042000010840000210800004200001087481001af42eb402758000042000010840000210800004200081de134083defb2e000008400002108000042000010840000210e8020134e85d6805ea0001084000021080000420000108400002bd278006bdf75d000010800004200001084000021080000420d0050268d0bbd00ad401021080000420000108400002108000047a4f000d7aefbb000020000108400002108000042000010840a00b04d0a077a115a80304200001084000021080000420000108f49e001af4de77010040000210800004200001084000021080401708a041ef422b500708400002108000042000010840000210e83d0134e8bdef020080000420000108400002108000042000812e104083de8556a00e10800004200001084000021080000420d07b0268d07bdf050000010840000210800004200001084000025d208006bd0bad401d20000108400002108000042000010840a0f704d0a0f7be0b000002108000042000010840000210800004ba40000d7a175a813a4000021080000420000108400002108040ef09a041ef7d170000042000010840000210800004200001087481001af42eb402758000042000010840000210800004200081de134083defb2e000008400002108000042000010840000210e8020134e85d6805ea0001084000021080000420000108400002bd278006bdf75d000010800004200001084000021080000420d0050268d0bbd00ad401021080000420000108400002108000047a4f000d7aefbb000020000108400002108000042000010840a00b04d0a077a115a80304200001084000021080000420000108f49e001af4de77010040000210800004200001084000021080401708a041ef422b500708400002108000042000010840000210e83d0134e8bdef020080000420000108400002108000042000812e104083de8556a00e10800004200001084000021080000420d07b0268d07bdf050000010840000210800004200001084000025d208006bd0bad401d200001084020abc5206f7148eeeb9a29e975e3132ff286c366bf4bfd0813021080000420f02e08e455edff9ab920000108400002108000042000010840000210789704d0a0bf4bfa940d01084000022bcdf93e4d6e42b42f1c7f34e19e79f1a6fd60bb9fed73277f4c084000021080c07d1040837e1f54c913021080000420000108400002108000042070430268d06f088ce81080000420703704aed278a612aea3194d71afcaef3af990fee16be2535fd83653fb6ffb27770ab799aed41f921b13021080000420f03608a0417f1b9429030210800004200001084000021080000420f01a0268d05f0388600840000210b81f024943b9cb4c25be89467357be6d4d29e1efafc63cf59fdb9aa99fa4f4c9ddee8f290c13021080000420709704d0a0df254df28200042000813b21b02d105998f685801439f07d3f04d24b9b76eea9efb5fdb043000210800004ee8b001af4fb224bbe108000041e38816d6125b9af6ba6dbbf69fc942e09e3297df2c784c07d11487d6e3bffb67fea8fc94c7193fbbae676bae4c68400042000817e134083deeff6e7ee210001087482405b006a57c8c24e1278f6c569c7c70e81bb2490fade769ef6e782000420000108dc0781bcaef96fe63ec09227042000818742605b0849eeb76d3e145ed413022670dfbf8f44399593dc981080000420f07e134083fe7eb72f7707010840e04110d8a51db760e26b57580ce11b02ef8640ea9befa6744a850004200081f799006bd0dfe7d6e5de200001085c412069e6ae636e67b34b684ef9a4b8c97d1d33a5699bbbca6887efb1a764c974b47df63d59e0fd1e1070b7db77a5b0643a5edbbe2fddcadf1dca09b6cd55842d4b8ab7e5bd72a6709be94af92737260420000108f483001af47eb4337709010840e04e092481e2ae326d0b26afcbf3effd87fefeec77fee25fca0e1e7d902de6cb3c1b59582ab2b218e4e12a2537d555519485977105afbaae64da1dcc4c662637e603e5505595ba499d5595c5d8285b17459ea9d1b3d170944dc693fa607c988d47e3fa7872941d4c26f5783cce8683d83986e5481d6350bf78f165fdb3af7fbffe17fed4bf5afd4bffd43f1b337a5d075c95788d884481000420000108dc90006bd06f088ce810800004de17024943d736b7efed2682f376dae46ee79f04fbb699e25dc7fcea9b17d9074f1ee7d9c1301f1c7d908d8b3c9f55736597e775b5f44be7b2aa16a5a4f18184709ba54c49ee4521615db1739b8a2d191ef361729040ee972b6ac1605a8d2dd13cd3fb17bbeb4139c886c3513591403e1e8eeb8984f4a383a37a2221bd288a4ae996d57cb19460bface7f3e5cf5ffc74f9fffc7f9f2d962f5ecaaf91f6afd3199b38d796ea6f9067fa7da424c96d930b0210800004de6f0283fbf88fe5fd46c6dd41000210787f08a4ff039279933b739aeb080c29ce3ef3ba65fe5dbff1f765ffd37ffddbf9b73e7e527c33abf28134e4038964c38175a76559d5799965c5b0aacbb104b591b4e8c1aceba5cc7258674b2deb2a4b99aa7729490cf3a172c8d47e6a5fb5be4ccbd432f5cec5eeaa1c94b5057409e7d56820015da684f4ca5a74cdb358e45935cd87d54ce6acc80f679f7cf4e1ece4f147d3c193e3facfffa7bfb5fc477ee337aedb2543bcd4af6f94684fe4f66f2ae56b3f7f7c2533baf8860004200081f791001af4f7b155b9270840a05704da837adf7872bfa9d93588f924cfc78f9ee507836131bb38d76ce6499165953e752135f9a0ceeba144b4832aab0f24dc1cd6597d289dea41634e648ee496802ecdabfe613e440e49488de26b6c47bf28523790846e0df96030a80ec693e56834aa34dd3dd80f0f0f25a01f2ccb7230d3f478759efa4c69cfabba3ad7cc8b73d9cf7ef8e90fceffd0dff2b7cdffcc6ffdd94e75fdf43b4e954aee646efb27372604200001083c4c0268d01f66bb516b084000021b043c586f5fc97d5dd36993c62e9929bf6d4120f9bf0bb31814f972b128f2e1500bc82bc9e5b555a99eb7ec45c5630be6aad7b1ea7ca23b7ad498761fc93d966921bed144628a87ae87c5c12f56d2b56953883719b0963caf9792d76d4a1e5fc8ac347d7db9d0bd4eb3b27ea95713a78a2dd3cbd607f562be983f39783c9d55e729eb4e98bebfeddfa32b96ee3b99a9b2dbeee48f0901084000020f8700bbb83f9cb6a2a6108000043608a4c1fb6dcd94d9031ad44bd159eadf5012e57919f685d34c77d5df6bcd2578d716c025a0e712ceb3a792d69e4aabfa44e6139927320f640e652a8ac41ecc07c84155aea3c8ea7e6b0dfad655a95f2cf4996b0bb98584f085b4e40b6d18b8d01a75fb9d4bba9d28d9509d467b12149a78912f8ad1f0a228cb7c3438d8caeedd3a2fdd9daab3ed173944a17d3bccb57f5df8bbbd434a8700042000816d0268d0b789e086000420f0800878f0edebb6664cbdfbdb79a6c1fdee186fd9f7b1d49dde995dd3daebb9777df302e45c2f9aad45f75eee12bc82805e3f92ff13d99fcb7c26539f5ca9a3165da6ae24ca603e2c1eb1b6ed16b43df57f35eb525af4b9bce67a0933d3a6810b99b6cfa37ffe4a617a9993e55a0a21f95d61593d957b9095a3221baaeb3c806b75bf4d5d933b99dbb790fc93b91d8e1b0210800004ba43000d7a77da829a40000210b811010fb62d5eb6cded0c92f869ff146f3bce3eb7d3b6d3ef8bb7c33f25db367744bdb6577e70f0b4984e170369d0b5375c319478a5ffc3726dfee6b5e74138b7fad353d92d65597bfe81cc0f657ed4b8ad591fcb2d4317e603e5d08899a943cb4c1d4d364d65cf67ea1ffae433ad49f7ab9cb9e6b9cfeaaa9e6907024f6bd7ea8870de9ea7c04f978be5b9fad2a41c0e867955f965cf5d5d4d4543766dbb3db6dd372ad3f7eb0c7699ed8c52216b3eedd0684ff95c0ec1070210800004de050134e8ef823a6542000210b8230269009ecc5dd9b6c3da76c7bd6ae0be2baf5d7e7fc71ff995ecf7fedae759b9acf38bd9cbbc1a2d72cd2bcecbc287a07922b177f0d28edb72498ba9d9e8d279871db8b58ff652e759cbbd5c2ee5e78f77e696a65c351b0fbd33f7309b2e2eb28362a4cde1aa623c2c06b3e96ca00c25984b13aa08ca533bb68769cb5e6b7e2cd12569d02da04b8b2e213d68d1330bee637db81e3481d46be326776b59d7fe16d0336d04574f2574db9c5973be5856d3e1a09ea983791984e348a35e4db542fd62b1589ecde617afbefef917931ffcde0f161ffdd21fccce4fcfd4032bf5cf5936286c2a55596692ebd58f0bb9fd1e40bd3a9cc72e33f86bf5bbe6750c0703ef22aff3d8c7d550bbc81f1f1c663ee6edd1c9e3fae060ac63e08aec707c58178361f6e2eb2feb2fbefe2cfbe7ffc53f55ff33ffc49fbc76aba836e1da673a3051b23dc5b35fb2db3f5dbbfc5218260420000108bc5d02ece2fe7679531a042000813b23e041751a70ef32efaca05546a9c49547b058e0ceca71918d27c56452144b6da42d5145c79ed5030930836ab9d039e43e7fbc2a24dce8ff1d0be112b1252a24533b756592dfe5f686654b09e8fea7f27c7c96759acb2a1f4d0e8b8bf3b38144a0a1920f143c54f428a86799b5e727d2a63f55a26fc9fe71eb630dbaa7ba5b83ee69f05cef0101f794f5e55f805eece4c542bbb8cf74e6f94c42f24cc2f24c3bb9cf0f0f26d3c97832d7128917ea643f55bff962b9987f2eedf9e792de3f7f797afaf98b6fbefcfcc5d9f9a9f61cd43cf9a5a47b2d65d7017e92c6d5555d9affc9aafeab3c6cf30e732e36f4dbf03bd03b2809e995fcabc170b81c96a3e558bbc93f7df4549fc7d5683c51622d8a9f4d2be5e65707f5cfbff949fdc31ffda43affd9cf1576f36bf7aff2f5f9dc36ddeb7326060420000108bc090134e86f428fb410800004de3181cb22cae50addd540fca35ffa56f6e597cbec6830ce24d064279a4c3e9268f2c1b371b6a80e8ac1f8609055f3d152ca6f29b6c755bd94303c1c4b4e9fe8002c4d435f4a9dae73c825fcc4f3ab2d8f585097c0ae73adadb18c02bb3595be0f0b44128ca4a5ac2534cdcf2f14596a4c49e8d28e96129106128db4635ce6ffcb54567d24bbd79a5b736e53daf420907b7dba25294b555c0f9e40bbd7a79b49da74f5027516cdc8d0ec76f7b75cfbfecfebe94cef87d4fe83b29ce858b5e3c5623e5df8d25b24cdc828cea7d3e1c57ce17e7ae65d0e86ea66ee64eea7ee7bf17d50eab79ae9e1ae145e34b95b3967f75f5db9de4f15da74ae1c2c06c3c17c500ee713bd20180d86f383c3a38504766d56972d8af1782931dd15acbef7c9c7cb67cfef5a1e4e00002000494441543f594e3e7a9afd177ffacf56bffe0ffc83e9a6ae65be49a73649a7df45f45a8513090210800004ee9c006bd0ef1c291942000210b8198134484ea992fbba664a97cc3719b0a73c76995ffcecf36c307c928f4712461e3dca0ec665b69c2ef3576755a659bdc562361f0e8ae55862f791c4e923291d8f25dd1c49cc9628bff439e412a697cd39e416722ce648f85661491b6ab7a4220b59a10a56b45b5897cc6429a218943a244b12bf04f942e925a05b480fc2b7a6aee7d6a25b2897167d25a0dbcf6bd411d005e1fdb82e8b94ebdddcb529bb965168e944b92c163a722d0b3bc659e15d554b4dcaa8979ad571a48f66bd2f6b4d6f2f74c2da602ee1dc7d55d2fcb9975b2c34a5ddffe28c7965226d7ab8729bee8ca90e7ec914c4752bd9fdba695917f95493e0677a9174a1d9ec537554bba77a6b302d0b4db9afb2b95e1c686dfc60aec9f38b97e7e7f993c393ec6ffcdef7aa3ffd9ffcc7d94d05f450af5b7ef92e7c25d3f6f6ddb5fd1dc6050108400002f74f000dfafd33a60408400002af25e04171fb4aeeeb9abb06d24eebcfaeb07659d7b64b36195bfc9e9e29e33c7fb190be51fbb49593b1f6d6d20a7309ce9a0c2c4d767e2ca734d85a0b9e678f5587d50eeab25beb1dea15c51a971e44a1a6aeaa6da8f05a640f6b7e2dfd688abce4764d3ad6565f51f56ef5bbf2938a33ece29e7b7db9cf41f75476af3747832e08efe7e54ee2debdd9bffd5e2708e8ea2b12b4fd5226f42e4d4bcfe5d6d9e8b974e6f57110ce978b62b9a886b28f17cbe5d1a2aa1e49709f7aaa7af37e48a9ddb5d43f3dd55d66f876b1b6c42f5b74454fbd1a986b9afdb966ba5f28c99996ab9fe99dc099dcda886e792e81ff423d78aad8de395eeaf94c1bd90d32bd20a89e1c3ece2f14e56d5de1169ac2d22dd9f4b56d465fbe2100010840e06d104083fe36285306042000811d04da83e238fc8f43fee49f9224f73e33c5db369d677b10be1d7e63b7c49d4af3d7eb6c94578b0b29b1251b2fb511b624666bb6959f366d2b34a5dd3ba95b300fbba83f93f6fb99b4e297ce219740af0aaa868d3414ea6ab7c503672a5b08963b78c76f494cde6e4e4a75cf3d9690e3d8fab3963cede66e21dd1fd7030dba20bccf97c5e6d077e24d460d7a5585be212fbd3c92d82cb704712f8bd07606bae234786f303891dc7ea4b047dad9ddd2b18e649358aea91bf1b5915334b9373fc0e8f2efa0f1508c559cb0837cf64a19bc5232ed185f9ffaa3f9f6a7eab1432dfbd0fa0ded9ca885eafac1a81fab9aaa9ece61d70fa9c847e581b377c66ff56aee30dd6928bb7d77f6789dfbad5698c220000108bcc704d0a0bfc78dcbad410002dd279046e2fbcc7407fbc2937f1a60a7f8f7610eb5c23b5f6abdb9e6e8d6520d6ada6e2e5302baa79b5bd5a829e775ee4dd82418eba8b3bafe4032f5471af56bc3b6702eb9fdbd1e5c57aa71630649dc77d3f69768d3dc603442b82248308fca4cc9fe41487722bf20f0c7f9fb636dbaeb92dc16d852e6b272bd3f04d40bd4b4b171434f0902b9efcf2f71d4413dc3a35c2cb41dbbfa8bfa9497470cb513fb4482ba767bf7b4f36aaa0c66eee149f40e73d69d49c8b8e93a4d7f8cdea93bd9f4c781f585d2bd94e5a5bcbe5159de944e3bc76bdf04f54f95e7774b85b65570df55142fdea8170eab7552415d7ad2c7bbbb7c07edeba6ee765aec1080000420703b0268d06fc78d54108000046e4dc083de349cdf3653a6dbfebbdc29ee75cdba9272d07bb52541d5874d357b5badfc1cbae71a1f7e3b7bf5d554e2b8a473093d123ef46d1923cc0396205c58283e90e071acfa3e5131de395d3ba8875dd52dac7beab9f7958b25ec33039d18a589d8e2e5b9ee2961f07666e993b4a65e97befdb1f0de141c73e5fb7d2210c5ddd0c6e1e58da7b44b18d6c20b35bab4e73225a72b3cec61a0d82369ccfd0b90702c01b9aebdb8dc6e6d79d074935dbdc57ea10bdad42f39b8650f72b6cc2cbb90df37fa517c2dcfb195e2fad1b94cbd18701d954c2f09b4483e68cff5557beabd0a5d8e2693b93aa9a3b89e575d8ee32b99dbf610789baff62d3bf3b6fb36f9910602108000046e4e000dfacd999102021080c01b134823eb6d3365bcedbfcf7d9301f4b3ef7f27fbeaab797e72302e66f36956943efa4c9379b5d1b5b489f9dc673b4b669138a1b9b752410fad102fb3d38b97d97179901d1e14f97034c82fa6de883ac8e63eae3c68b1654c24b71c48089196bc7e2421e789c2d239e43ee6cce7915b40b710ffda6bf3be7cf77e0fe02b7cb7826db5c4142e9bed4fd29ab7fd9aa818ef0701376dfbd711dcd692db5fcbbe9b70abc5c3152469d96d0611dbbb1406bbddd1cf86d2c9f0aba0c6b5d9cb14c357ec958ae148f1d234f9dc9af991eaa06306a5add78fc19bce699d7b950f2c7beb27a7f3de5c336d5ca7131016d5c5c559f5f5cf3e5ffcf51ffe5ff9b77ee90f5667a7ca46bfc54a7bcdc573d8e3ac15ff463d455f3766557c3dd18a92321fd69ec4f2f5679f56bff0f7fca1ec87bffdbf3555b9b9b1be8d98b6ed6e48de3c53524000021080c08d08a041bf112e2243000210b83d010f76d3207797e99cd380d8e1e94ae992fbb6e6573ffba2c8ca23ed6e3dd62ee865a933a0071ae9ebff8199b4cd5a516e69a32c351dd8c749691ff699840255e47078a8b5e77536af27f9747a26a9dec79a875b8902b034e81285261244bc199c84f2dcbba84b835ecbada9ee5130b7707e6d015d7175254ad175f93b514ae6e518f8bccf0476f68f20793777ad08fef5e8937e582bcbfe5f557a15945efbc4525619ac8186891cf2dfe87eb9676e2cf55bd0473bc6c74f359fcf9717d3a97e467a2356964369ef478bd9c5683e9b8e67b3e5f8d5d9abc9e9cb6fc6a7e7179a665f4a645f64739fc3ae55f34aa522e21b062be3f5566ca12d1796b9ce8b733917f38b85569a2ccb27478bdffb9dbfea37003b2abbaef655b68d5bd911f1aaf0fd44776484170420000108ec2580067d2f1a0220000108dc3d813472de657af0ebcf76d81dd5c29ba10f6a1dc42cc97c322acaf1322f265af42a8df672754eb9a7af4b8088e7905b37aee1be1476aa9704f68b73554f1243906082f822b765f5a08e1c4b843891b250d3daebe7f293801e04726fd2e675e016e66f7129a7d5d5b6af3cb1f49a80fb44fac5dc14c4ae7429bf95481c32ddddf336d3c738e198b78184f39166ae4ff4a2eb48aaf2c5741ad6bfe7a3e1c8fe87f3e9b936a65b9ceba7753e9dcdcfe78be5d9bcaacecb723097e05d0dca413672f6611339af43f1cf47335b8a528279adf5f28504f97a2affa97eae17da17627a321a5d9c8dea457ea0e5eec3917eb49ab5afdd1b1545ce6136fbf4e2a68056f1435556aecb964422999763e0030108400002d7258006fdbaa48807010840600f81edc16b725fd7dcce76b730b01debc66e69c6355caf336d583538d2d9cf47793e3896824f53d2ab636df82641bd1e4a25e7b5dab2c679bf9a8c2bab6aa49bd18e709926e6865db22d974b7ef72cdbb0165d29b4b83dd7367261edb9a7b35b8b6e8d39bba80b02d77d12f02fc6bf365fc96cfbc590eb7f3badaf6446d755df3166f8b6065f6bceaba136a6d30ef10b1d46e835e5534f672fcfcfcf75de7aa523d7aa0b4d559f4a30bf582ce6177a11765149c8d68f4a72baf4eefab1863bc9bd2c5e359116dd6eed2e379745e71c86cf2b2db17f258f8134edb9b4eecb613ea88f4ef4332e077958c6321ee9177a98cd5f6a43f937b85e476257b80bdce5ff06d52029042000815e104083de8b66e626210081fb26b03dfa4deed799a95e295e1ad0daed8fddc92fc5bda55948293790666e9c558b236d59f5589a3aad13cf751c5aed23d18e54de481277f3ff8244ef5090348952bd5b489756509552cc28976bc72d2db0d56a75a577153db5d7c2b885726bcf3ddd3d09e8d6a0b3499b2070dd170177c1f48b893d379694fc53b9c96dd3574a93ecc1f39a5feb3c5ab9f8c71234e812b82779a51309b385bcaa5282f748f3530ef53b9a5a385f2c173399da41be9e4a24975dbbc9d78aaecb0bcce30f30d6379c55200fa9c5757e7a7daad7632f94e9375a7c3ed48f5062bca6d3578576a42f16131fe4a6dfe828d3da74bd6f3b3d3bd58fcf3fcfb777a51648e6db2b9992200001083c7c0268d01f7e1b72071080c03b229006e537315355d3d0fe2af7769c14f796a616a9e6a546f3d2940f8eb4a3fb63cd977da632f4293d2dfd44761d4b16d6d06a78efd2838a5cdfba4339edd37c3bd8ca733b93246f01dc1bc0f9fc719f15953e68d00583eb6d10883d34f5d458e2b688b8ed4e691cbb6dbf6e7dd7f9d9167e1171a7f891d68948efed8ddeaab22e0b9d815ef9d83f0be37309e2d2944b5bee1de4a51597901e3e0af78273fd694abb75f1a14e4dbdfc822cd72ef1997689cff3f8bb92453f406599cf349dfe4c3fdc99b6a49767a5e5ea036d28a702a4c3f77bb9b779b549a6bb48e6dbac076541000210788804d0a03fc456a3ce108040670878d0e9ebba668c1de3a7416c1ab8da0c767d05f93845be1b339f4cca41b19080ae9dd6a57493063dfb4023f98f34eeff58057a53371d91e6f5e2717abb8bb54c10ccd577121682e4a0f0a03d77a817c9fa0c376bcb2d88b43ff67778ba6559b92070df04de46777319cd8f24fc6e2c2f876522fa1d780387bc94b8ac95e1da6131f73987b566a44bdbede3dd64eaf725e577d8eccd53e12d9c87b9ed31c756fd531159eee9ed3f573ae51f0e53705e33fd7e5fc94f6a72e9e87db29c54eefa8dfbfcf7ac180cebf18927b5bcfd2b557bdb7cfb35a144084000020f87001af487d356d4140210e818010f3ad3f03c99db556c0db1b78356ee761cdbaf219c6f2759e575856570387e363a9d5607e3bc3cd6a2d6b8e37aed73cab34ff4f19168d67e4bd5d6ce5e3e72db27de6fba6bfb87ab891c6a6d2dbae7d2fa63a1bc6d32c55d40b8de370249f45cdd977f0f3ef7dcfa6fafff184a28f7616f4bbd0cd3590812c283c6dbfb3086d75f5e5c2e6fad4297706ecbe5df9f720c3fc0f0533b954367abfb8557d825de53decf2491bfd0661063fdaecf73a9ea2da63ba742790fb42efdb89cc8659ff091112ebbd3d5b627bf373643b5954ba8f99edc5cf055e17b92e10d010840e0bd258006fdbd6d5a6e0c0210781b04d2a83699bbcadc15b63d2095162c0c52b7fddbf9fdc97ff99fcbfeccbfff1fe4c3c74f8ada67960febc2a37e9d63ae617798d6aae8f6a9bcd77a361979316a999dcf5e6507c5a136902e2687e383c3d9c5fc58d2b2d79efb48b4e7aa9f84f4dc1bbb795aba3691db1e30479f58b7ed1adabdba433b92a67cdb74d87662797141e02113d8e8ffbe117bf86594d7a26b4f4609e1e14bdf1699a3ddb16c4f66fa0105330534e18a14330d7355eaeca59cfe6d49b0d77af43c93701efcb4e96398b5e27d245caa0e4ad79a7549ed0783417d76fe757df4dd5fac2fa6afeac9d887b12fb281de176815bca47ceff3b8acb5437c3d2e747cbb17bcebefc5679f65bff86b7f7bf683bffc575d855b5d1b37a61c2ed16a724df16e55088920000108bc6704f454e6b1f89eb529b7030108bc25027e7aa601e72ef34eaa910a71593abc3c1b0f8bfce8f160a2f5e4f36a1ece33b720a0409d45bed40969ded14de7276b94ee3a654a52ea556ca529b6e3c9d10717e7671fe755f95de5f53d0de3bfab58dfd5c0ffbb8a69015d3bba6f0be8e9ff88f61d2a16170420d01048bf910424fcf2e4483fdeedf0142f9929bedd29cddab6955a1af4eca7fa7ca6549fcad4a7feb1ec3fb629f7d75adf3ed3ef5f9bcd59d02eb41fa496a8eb7b21631917bb2fcb52d279b55c6a22bc4e5b2ca4d9cf97d572b1d476f09576950f7bd42d16b3ac7a79a1b4f733504c779a4cd59d0b021080000444000d3add00021080c01b10680f9edbc3ec76966f340055a67fe1bffb6fb27ff88ffd7a31198f06d9d1f1e8707230c9aaf9782c85579e0dc7d281795afa50b35e35ee9680ae8179d0c84b8316ce31d7505d0b6147b3f3f3275a9bfa5c536e3fd4605ec7a0e52792e20f55848f5c5e4d41dfbc8fb6ab6d6fdf217608f49940fa5da45f7a3293ffebd8387efb8ae9c31c75fd40b772d1ef3b2c1ff11e0f9ef1a2df747ea1976cda2a3e08f58f9462a613d335addeeafa4a827914d0074a39c88ba54e49d759ebd9ac2ecbd9201f6ae7f77a5ae4e54c6ff7667a26ccf524508aaa1a1f1e66af0e07b5cf553f7afca43e576e4787e3ecc55ff77b81bbb9d29d27f36e722517084000020f9b001af487dd7ed41e0210b803027138bcce28b9af6bae53eeb6a57c7687bede57da6e472a074f3e988cb2e5615e8c349d7579a4dda48e0659712479fc4833dc3560afb4af8834e98aee49aba15cc9eb1a6ccb2d21bcce4fa4507faaa0e7caf3438db765161f2aa6a6b9e75e93eead9ebd769c0b0210b83101ffe27c6d89d4e19718435effbd9df6528a73f97cadcf97fafc6cfba3dff6a904f385aae0b5ee0a0efa6f59a447d7b2183d4af4ba2ebf509c0b39cef4b078a538ce339cadae0de6bca67d51944555e78b5acf97fa6236ab8ac941eddde7b4ab5dfdf25317fbe657783eb5b249ee64b682b042000210e8150134e8bd6a6e6e160210d847c083c2f695dcd735770dab9dd69f5d61edb2f6d9ffdc7ff91f66fff89ff8a743f0b34fbe5d5c54da74ad5a58103fd6405cbbb0e78fab229c37fe5812b8377893724cfa2f151817bc3665175289d55aa82e0598c6d7d6b03d513c69d06b6bd00f145942b9179ec63701fbea833f0420701581ab7ee90ef3d360df7555da8d34d6a07bf3c5a44197c01daec6afb6a06d3f4da2719ee9559d0af7ea17edf82edf33394e15fc429bbc6b164ead75eda17c49f0452539dc9135055ef374a44b1febb8363d54aa975f9fd6e5e8daf50c95baea6b3b27bb13a1645e959e3008400002ef2b0176717f5f5b96fb8200045e4bc083c03428bc8df9ba029ca73fb7bae65912ce3584d6466f1767f96c990f0f26036fe276a429a916ca9f49507f26b7ce31f774d7dc1a704d55974fb306dd22b787db329b017cee75e6c7d2a09fc8d753647db49ab5e61ef8dfbaba4acb050108ec24b0eb67b5cb6f67e26d4f27f4ef3509e8faf9fa371f66bf68664dae73d2bdb025ac7291914bf31d9e08618f394f7f97e70b3d10be69d20cf56ece9374bc9bbcce52cf7ddc9b1e1912d1ed5b16de8ccedbcf6bdebc36c10813e995f29eaeaba8f846af0abfa72a912d04200081b74e000dfa5b474e81108040970878d0e7ebb6664c7db703c77fe7dffdb7b27fe35ffb3725866b38ba1c65078f9f67d572560ccb7a204df8440aae230db01f6bfc2ce1bcfe5883699f63be3545dd43d930ce0e55d4fd4900af7d76b285f889d21cd89446dd03fd24a087b87c410002f741e04ec4cbb606dd95b470eedfb05fbcf919a0577b417b9e1e697286e753e3b600af29f2b5f69ed00616f1b9a02ddc259ccb5fcbccb39954e852acfbb036cd92d78a1917986943fac1c1381b0cfdd8b8ff6ba3f2ade2f6f9b7a26085000420f0e009b006fdc1372137000108dc9680077b518c5d9bdb79b587d429fe769cebbab5b9b2c6bb9291e315568986e1752c3efa7a62aace482b0e8ff3eaec343b78fa283b9fd6d9c9a38303eddbf481765dfe58113f9160fd6dedcdfe1de9b4beadd1f3b735c07e2a71fc4042bb85ede64ac3d970173e12d9a7af49931ee2289e96986a83387d64f7596d0147188f371960400002dd2220a9394c61b720eea9ec36db1f87fb4a3ffe60d5ef5e8f085fb984f0fc4b09e75fc8eba7528cff5421de155ef6fa27f2ff46cf967399dac25dc7426887f76896cbf972b97c7cf4bcfaecfffd3f9d552bff0dbb0be182000420008137208006fd0de09114021078f804d2283399bbeea81dd6b6b785f75de9b6fd9e7fff0f645f7e39cd8f0fca7c3a3f5772a9aae6555e2db5a9f2ab4576f20b4fb3973ffc4a53dab3ecf0f051363f3cd676ca17f9f8c01bbdd55afd994f34cbd49aaf936a5969f7669d631e7664cfbea5c1b5a7b97bba7aeb0d40aa816bedf9aa16c06daca6b34b18cff509b35f11cc132e4c087497807fa77e9966cdb9a7b2fbc79da6b4dbee8faf64caeafddc5797d6a8d73eb5c19e0b3d37b4299c34e779f64a6eef6331d503c2f969ffc8ccd3dd759e7aa6ede5aae5783858bcbaf8a61a7ff717aad9f445ad35927ac3a735ea3a67bd9032feabcf7e52ff4dbff687b3bff697ffcaaab0bbb0b4ea7e17d9910704200081ce134083def926a2821080c07d11f0c0cfd2ea3ef3aecbcd9f943a94fca83c3a3c2ceb65556aaa7ab95ce8b37c551e1e3d2dcf2e5e6607a371fee2f4221b8cca7cb1186427130da15dc1ba38d490f9991c9fc8e7bb4551e80cf3ecbb55557d4fc13ecf7c4340f77dc5cb897db5ef34faf00d0108f48e80766dcf7eae8f34e6e12cf5cf9229bfcff4a0f94a0f44edea5e6bca7bb5d0faf57046ba66eaf8d8b6459e0f745abae6be97d952e7a52f8745b9ac7480ba9e2ff25f2ca75fbdf0996ee9a17327709dd9fa79b6ce729fff3a0636084000020f93001af487d96ed41a0210b82302ed91e4ae41a08bb9a3816021897c500ff371b19ceb08f3529bbd49f9540cc7f5f0f178763e1d963aa57831d724f8e1d81af37c2415d5d2c363d5417aef89cca75a181a8e459312dc3bb11febe3f5e43a0dc99a70456bdf902bbf31b4dd778721225f1080c0fb4f2069e0fd3cf1ba759dea90598baeeddf2458e7b91699d75a54936bb777ad4397e0ad303d85f44ad182b984763da8667adcccc6e570aac3d8a65a9233939a7d3a1894d3b38f1ecdf3c9a4d2a1907576a677012329ebb5b4e7f8799ebdfccc8af99b5feda7567a16a7c75c326f9e2b2920000108749700bbb877b76da8190420704704d2a02e6597dc6d3385d96c0f08dbfe6f68cf97553d1c549ac05e0c8ee68b99765c1e1cd5d55c9fea6858f81cf35aebc4a5b492daaaf0a1c37e35e04aaa4612d025d0578fb426f403d5ef795dd55e737ea289eb1a506b4db9365d0e11dfb09224870004de6b027ebc798abc378b4c1bcb792dbbdf04fa0488633d6c7c14db5c8fa330755ecf994a7f61aabbe4f4f974ae75373e433d2fceb4f8e695c4f833cde829667a908d8ab27afcf4a8ce8b71763e29b2b9260d553f9b65a75ad96ed5bd0b7c932b3d9b93e9bcd273fc4df2252d042000812e114083dea5d6a02e1080c0bd1108726e2bf7e44e662b686575983fedc1e02af0e6966230c8066539986839e7b1d6756a1776edbaac8fed524d1d4af82eb54b7be991b275593e1e2908e7fa9672cb3b2e4ba80f3b354b7b5e3f91f7b12ae81d9c3de0b680ce05010840e02a0249836e01dd6bcea3701ed6b4e7dabfa27e24bfb99e374b3d6b9ab5edb94ce9cab5238624efa99e345ac75ebc90a78e6bd3c9e812ec65d76a9b529b69648b9164f262a189f05aa2a3079a0f5d0fd79b0ae73197cdef26ebf09cde0cc105010840e0e1124083fe70db8e9a430002af219084eb7de66b9207c1fc8e8473179557837c30cc0a4d491f1c4b03fe242bf30f8a227bd6ac1f3fd12873506837750be8e152c535f80d334f65f3f35a693dad5d9af32c3f519c708eb9cc744cda1d563756816f0840e0bd22e067849f174983ee9bb3d0eecd252db0fb183609e79edaaea754dc30ce8f509f962e39dc9bcae52ff45c3ad2b368ac78a5e6fa7872bccf50d7daf5ac9c69b7772de7a90ae9e3356d485eba0e2cf74739dae7b9ad76b2b4ef1b5ced075e7acebf41762485000420d0090268d03bd10c54020210b82f021eb4f9da677a8097c2da83bd90e86ebf8af1b8d422f3423bb157c71aec3ec9ebfcb906b51f6b70fbb106bc8f550f8f5ba50df7a0d6b5910a4b81bee4d2203aecbe6c8db90f23f6c77634e882c00501085c8b801f2c698abb1f2ede0d3e09e77ae99737e7a8675e7bae70ef6a111e428eeb8f04f8b0919c9e3be104884a4f2b9d1f999f6bdb8c53bd5c2cbd1f46e52febd5b5bffbf8f8713d1b1d284a9efd93ffcabf9efd47ffdebfad6ceee67285dad7b6bb1d861d021080c04321c02eee0fa5a5a82704207063021eac7934da36b73371f875afad73cca567524a0f6f37af7d591e3efbfeb79e9dbea8be35d6d9e55ad2f96d69c1758679aef3cc6b9d679e3dd55858ebcc3578de1a6536f56fce310fe7957b406d2d58fbe341b7cb66aabb20704100023b09f8a9e54f3a437ddb6c04f3f096d019e8f1131e48fef247e7a87b17f8fc0bd97f5f4f1ceffcfefbb2ff4472bccdafe53e2ff2723e50a004f65afb6cd49383c3fa273ffab1df3cd65feb70b7c7ebe766c85cfeb7be9c41fb39bf2fa3146f5f38fe10800004ba42000d7a575a827a400002f742208dfe92b951c80d476ccfbfffddeccbafe6d9c9c1389bcdb514b32c3426d571c19299b50033d7c66f722ff3529aa3428aa7032fc6d40cd0f3d9abfca0381c0e47c5e47034399c4d17c71a9f6a0db9ce31cf8a8f64ea1c734d758febc92d746f5c49e2979904700be1bbec1be97040000210d822d07e76f8591384e696e9a762fb71297b7a02d93bf75e6fc3a00eaf9b33d4ebec54513cedddb379464aade3d842c69a23af276451d4e7d369fd9def7e5bdb6416f59393617d783ca90763ed6d590cebf96c5acfb5bc7d29bdbb96b467d58fbf543637bb5285430d9534b9b773d9e7bf1d0f370420008177498035e8ef923e65430002f74aa03d58f31073dbbd1a775eb3165ffeec0b6d8774942f8bb8f452c7fe6a03636fb73e936cad199dde7a5dbb194b48974dbb1acfb5fd5b5e1693e149b15cd4c783fce8e96c76a6a9eda5b4e579d8e84d891fab787f1ea97e1ee05e12d0d7d54b03e5b50f36084000023720e087883fb79869139e3fa5526b19797d2ed3cfadd3e6f34acfaf579ac6ae4761ae653cda684eaf2d9542af30eb2a2f06f5b94e6aab2ea44d3f3eaeaa225f4a665f0e87f552ffaac3f1e1b2d41917a72f2fd20b03657bbd2bd46a2bea2ebfad2838210001087496001af4ce360d15830004ee828085f274ed1bb425c13dc5db676ad3a3a21e9645b95c943a4ea8584a2697b02d65b8f644923e5de640f2b95e7c963a4d4d879a6b3738adde1c548b6c58d6f9d1ececfc99c6c51f6bd6e7f3b80b7bee4dde7c1eb19fc5b71830efab29fe10800004ee85809f535e4ee397897e7e49480f9bc3e91c752f56cfb5597bed8de6d25a763ddaf41ed3baf44a827a9d2d0f07c3c5a01c78af389d9f5e4f87e56436aa06d38b57e7336d91e929f79e66ff4657fb996ebb2f3fff933d78f005010840a0a304d0a077b461a8160420f07a02ed41986327f72eb39ddb3e41bd1d67873dd76e48528f67655d0f86f3c57ca073cc87d2967b5337edbe5e49f35d8f34e0f4faf0b186aa5e4f3e92227da4a1e9580353ed7a9c3f9538ff5ca3586f0ee729eec752b14f34ae552601e6e600002000494441541e9e141ac6903b8ac60b021080402708f839e5593e6917781f156961dc8f30af2cf74673177a185bd08e6b7de239eade694e73d8b3c57c594d178bea5ccfc633bde77ca525426773c55ce8cd65318a67af2bad1fe3b7beb69ff1c99d4c679cfe9fb875212484000420704f04d0a0df1358b2850004de0e81ed515c726f9bbb6a93e2ec0adbe537947e3c2f759a79bd18d6453dd2cccd9106a52309d8fae416c8275e8729533bace707c16d7b511ee8006109e8f5632dc97c2aa1fca9c29ec87d2cbdb98f4e9380aeed8e91cf77617f6ffcdac2c1bbbe29f5bfd0dbda66aad39bd4d3f9a5cbf9b4ddc91ff3411370b35a839e04740be76e660be77e39a9f3d4ea993c168a58e9a5a416a17b9dbb5e514a50d7b96d334d770f3bbeeb25e50b4d821f2aa458ea61385f2c67936c18857d65745757bb3fbba2ed7e69371704200081ae114083deb516a13e1080c025026950950292fb26664adb36db03b7b6ff1e7bae89ecb924730d44a539afe663e9d3c7ca439f52d33deb03d9758eb0a77866471a7c7aaaa7ccec4802bc4d4f07d5279c5ffe48e12712ea7d96b905796ba45c9d1b564929b83a41c00db7ea8fb284f910f6b8f76b55aa4a8ab5b8ec9342f69bed6aaa5fdeba23ae3ab02c56999ac3ca5cd5b05d1af60746c04ddc16d0dddd9270ee73d475167a3e5324af25d7a796901eec92d3b3aac8f2a9dca7daade31bb98761978e186faebe72a6d5429e42ef329cef9d5fced857326d4fbf17dbb9200001087481001af42eb402758000045e4b607bb496dcd7355f5bc035228cc74591cd734d71f794f65c1a746bcca529d786ed92442c904be8f614cf6466270a9346296c0027e1bcb666dd83d843492de12c7369d4bd96d3035ed6a00bc243bbda03fd640fc2b96f2479a49b4a9d35b9efc44c85d8740116ae6341ed1017f53ab7e3ac6345d7deef7571fba33405261edbe5b713de0b9a7601d8ef8a407b0dba9bcd6e6bcefd3cf3b36eaa8f0e52d30116fad85477d4d4762bd283a02e013e7be1653f7a06eaf159688b8e6aaece795e0e8783c5e02009e88a767f972beefe68d35732a38b6f08400002ef96001af477cb9fd22100812b08b407516930b5cfdccec6f16e7cd5da9bc8cb28370b4e5915c7930fcb17d3f970901723cddcf414cf03c5b5c06dadb9b5e11ea07ad324ef6eac35e661976399f9136572ac6ca56d77badc035a6bcdd347027afe5606a62a93eb0e08a44e11b2eac4e83e552299b7bd49a7dfb8bbdd19a56292b91dcb59a4ac92b91da7e54ed15b5e58bb49c04d9534e84938f733d053d3fdf1daf3b8fe3c08e4716abb12458dba0471f58baff41cf483b6f211189af87e5e0cca97f93c1b1d14636be39dafe3fbdad9c3aed1a562ea3ddfbe095fc98c2ebe210001087483001af46eb403b5800004f61048a3b3d799bb92df7410f7fc173fcebe7939cb4e26639f691ece335fd6837cb6b8c80ecba3c160940d0e46a3d16c3a9f6814298d517da8e9c016bc25a0e716ce2d947b7db9d699674f6dd747679dd732736d0867813cb7509e84719916ccbdfe9cb1a2183c886b63509f3ae6153577fcd417f79957240f41af2f66a356afcbee5278bb8e0e7c7d7997b2d8f448196c9b575433d56133235c1d23909e5536fd2c730b37d3d9a35dede85dd8a37f9cdeaef03cc4d18ca23385f925a5261dd53369d2cff50c3dd50eef87e3e1603c3bff6670fc9dbfa13c9bbed434a53ad369193a3a7da0c32ccbfacbdffffdec177ff597b31ffcceff72670fcbd43d55272e084000029d21a049473c9e3ad31a54040210d820e0a7531ab42773234213beed775b777e226179725c3e3d3a2e97b345a9099adabc48fb0ce755592debd1f8e0f05067011d655579ac359412ccb5b6dc027a5c5f9e04749d6fde16d06b09e816d4c314786bcaad21e27aa004dc0f57d78eff3e37c25711f7592ca4282c75f49dd1da85a4c83b23b63cdbb54899b7f36945ddb06ea6bb94a29d55aa4a3bc9465ebb1d97f26c476bf2bf324e3b3ef62e1270f385f3cf6dc68f84736d14a7ae62b705f49febf353393f95dfa77a267e5ae7c5a73a26e3536d20f7739d967eaa67eb547bc649482fab6ab95ce63ad5f2627a512d5f9c49a60f03d73bef264df753d5b820000108bc5b0268d0df2d7f4a8700045e43208dc292f99ae81bc1371c7015d26beb94734d3f9fcfc743edca2e35d0a8a8f3b1761ad6bccb7c323b3f97c6bc3890e64766ad699d12baf3ec50834cb9c3267016d21fc9ed0de1bc26d39aa2d6fa7285703d380257b5daaeb0e0b7fedab8dfcbf1e513ff62bc4b11b63db6dd4df67bbc43e621cade081bf50b8ef063f34af6e657d718e16d9922783171b864266be3b336da014a9fd2d87bad175895b04e275b88b3e183e301135073baf573e9c3bdfda08fa9d49af53c3bd0e4f763999e753495ccbdacb4c4285fe60783223fd57919e7e362382baa7ca6ade4a6defdfdf8508fe083f17cf0e4d9522f48ebf9fca526db97610f78abe3adb82f0e26d9f2c7f2bfe195ba78326f989ce810800004ee94006bd0ef1427994100026f42c083230fced395dcfbcc146f9fd9ce6b5f9c96bfa30f3586d4916883a3e5622eed781985706dec966b0aa6221c0c4a1f9fe68ddd721d8fe69ddb835bc278d8fccd6bd19bdddac3da74af53f734506bcd9dff0daba4145cef94c0be06dbf64f1ba1c5caaa57b46a1deded6f0536113663b6fd25d6ac9debdc9cee524093d93ad6b56dedec9c6db8c2b261171343937f23604501bb2972b3e44d57ca2e8867c1d108e44d346f1bd67a0db06292d2613e5802a923accdf85646ef3be38eef0af00b4c6faa39534f5b6a3aa7fb9ba4ede5d1745ebdd0ee71aff439d334a633f5119d995e9e5d54daa153c90fb493878ebbacc693e37aa9d541e71767d9f0709c0d2787d9d9975fa5ee7a2378a9a2ed44ce68977f3b0e7608400002f741000dfa7d50254f0840e0d604b647576df7bec1d21d0da48a7290eba8f3c1a4ae96c79a8ff958724ad8f44d7b0d3fca4b4d65d78eeb51382fbcc99b85efb146703ec75cf620b47bd099368db3e9384983beaffa8ac2751f040c3cf58d763fba6e59af6d304558c7598bdad12f06a6f0149adc4e98fc427d62f4a66aab58710afc76851dbc8e121c1bceedf83770074e169692902e0f0bd881a42c8167abb0f58b899667abbc10bf7187bc6577d69eeb6ca5e72521bd9516ebc325d0b47bea145eaf6e2f7ffc3c1cc912047445f07a7505e41a8ffaf99a1febf8ca17528bbf90ef8b2a1fbc543f79e91f42550d1656b38f06b2e9f4b64aca786d175f97e5b82a97c36cfaf2d459ddc9e58afa4a6674f10d010840e0ed104083fe7638530a04207005010f823c92db676e274da3be6dff3774e7f5a018e69a24a921dfb1362d7a9217f9072aeb996a66f344959c48580f5a710957438d0d2da87bb0692d7914d8a3e9a3d3fc097165a68d9564e57a5b04d2e03a2aef6e5e6aea8fdb2937fa5fe3487e3683e02dcbca6ebf10612d924767f80ed937c129754c1c5c0e56e83aaa3d8273a37e5be121d2c6578ce0ef8d742d775cdaab7045b2e0acfe1de23a9bc472dbbe2af6b225a489de3175ccd3f94bfc9257d0d03742fa6609cdfda58ab64d57e0aacb05c6e23663adeab7e98deb5e0804daa9d9364aa883063dcc5492ff3234559d59381f4b63ae594b3e0d23ff5abf972375141f633994ddef7434ff3d9fea45e97cb6ac968b7c51175a9fee27eb68300a8bdc2fce677531b6fcffe657bbbbecbc8f372f821c20000108ec2580067d2f1a02200081b749200cd454e03eb33d604af54a7193fb0dcd62342e06f9bc90109e1de755381aedb9f2fc5895fa4812d1630d22ade19110af01655d7b24984c4f61b790defeb48f524340179cbbbe76f58954c6d57de3ead094c77e73b3648bddd147a62cb6af7c2c5d38a3e01f6c8d7b15a315ee78ad3831915327ef608f5f8ea7ded8c46f05ecb43a9a5f5484e8befd987c236e7c91a15eae700bd116d8571f25902bc48f358c49a35ddf6d4f05a52252ac20fca7384d60f06b2a621a297f572096e48c9c48ae60c6dc62eec9be65ae1226ffa650f9879cf4d5e41822b4ed2905e6dd11707334c89da971fb59e8979a9e44e1762dd5f27e99e9e5413e235d7b78d49aada435eaf179eaeddf25c8e7537d5e69b7b90b6d18375f6857b94291f44255cbd32bc529b2c164acc5495e61747757ea4ec9bcbb9cc909021080c07e0268d0f7b321040210b86702cde06d35986fbb53d1570da01d76875771387e367a395d7893a213093e4f35fe7baee9951f4baaf9b64406efc4aed58f4108f720d31f0be68d3d9c636e77fa5880b73d99aeee1d575939f6f4da09b2d5813604d1b5b8f746b49248ed4c42f92a2435aa6d2e33c549f68d784dfc102b0634f9a48e1132887984f0cd7256956fc2d6a5ad6ab48a122cab78299f2638f927b3f1567f1729fd8b9620411969fa389aeded2b66d164b49d5f2b6292b32d95398f4adf85ee545b7287ca35c62a7f6715cb4a2526b395a9ac5b456e060697d3ad6325db3aff75e8ee12766489d7750904dc0dd760d797d6998736b15bcfc6dac2ba85739fa13e93e72b89dd3eb672a43ee3380bf50daf533f53c77c59e4da05beaae745aeede314905b77eecea309f07aa99a1f15da22e40e2f57800b021080c0db268006fd6d13a73c08406083401a4d6d9b2952f2b7db760f989269bfeb5cbffc477e25fbe1fffd7956cca7d98576fe9d9753ed299ce707a3495649697e317b994df2c96034294747e3c9e1ec627122b5ce13092acfa5e1f95803c5efa81c1f973652e116b85d8de6136ad47227ff9da69271dd0b8176477101c91d4c358f5b68df953a5432156f5ff495001ee2ac85f2d001b60470c7bd5250df8a1faa97fc9c309411bf52b9a96297ead7c40f895a5fab78972d8ad5404a46107424eac8b4901e36eed25a5f2df70831fddd445d95b0ce76658b6176a67c838fd2cacf7395255929acc94df5ae54862f171f923559395abadf1061fb2b855f656ea769b99b62563ea1ec950bcb1b1248789319b28b4d1c8e9ad473342c1772e337ef6ddcd3f257721fe88753aa4348519e4d659ecbed8de3ac691fa9cbccd47b34e55da1cad02f7b96fa1c697a7b357f9115cff56e7531ad0f0f1f6767e7dad1fdeb57d92ffddd7f6bf6bbfffdff1eea70932f772d2e084000026f9b80feffe5f1f3b6a1531e04201009f8e99306c5db6662b431ba4b9e7bcd946388b04a1aa6010f0f8a7232d1293c45be2c9645990f74c06ea5a5b0da1f785015d5a23e991c1c7d72717ef61d1d7bfe3d1df3f33d3d1fbfa7b4df53ae7f40394a831ed69c7b60b9b70604dc2f810df21bcd1dcbdd0897d7a65bae4d8f9d955d4759db1c31b9dc9fa23d9ac9bd32156a79d9a12bbf268ddd21a40977463117990e0a69a219c3ecd5c408e10e8b5774369e5b6197e2ec090ff1cc51024e34645a78d62709ea169b82dd319ab84d655331ae6aba81955f88daa4b1dd2578c861812ae62f7b2827f88430fbfb8adfc1bae36b4fe895de9b819baecd22ae0adb8c89eb1e08f89cf4aff4f95c9f4f9bcf8fd523825dfdec67ea3dda0d2ebfd09ba3a5dc0bc5d139e9e5a290bb2887cbe9741ace5d9f2f97f56cae99f1a7fa28831f7dfe59fddd0fbf75ebe675c2ab7e460ae682000420702704d0a0df0946328100046e4b208d96b64d0f84925fcafb7503a4e7dfff38fbeaeb657e3c9ce4a7a7aff2c7c73ad34712f8d30f46f9b21e97c3f1c150a7e70ea5c1d3f4c962a8137a46923d46f5221fea9cf347d3b3f30f35635d53daebe71214743eaf7614d6666faa8b9f959ecaae8b215ae4f0f6bef71257403b2cd8a394db088c0e8f3156f19af054fb957ff0b040dd8424a138a50ffe31377fc7788dbb899bfc83a96ca2701ee3b605f5502be51752ef3443e258a354a110cf5ea122212c46d0b73a67aacf3aa0656bd2a6df8f65e010bff16864e29891fc2c24877f41731e85e9e017fc63b456eed1ba552d7b6e0bdb31df2894db6eb13c0ae8ad9701be99f8d72ac2156dae26ccc5b98ee15a192b4bcbbbf113b7789f31554c1f32095f299613a65b69fbd99febad10f073d6b3943c5be9508de19334347b299fab012b6fd2a9763c5507f67af5b97e579afe9ecdd59fb4775c3dd74bd7f978385848fdbed0f6f0cb455d56f9b347cb6fce66d5f7bef39de56ffea37fa2facf7febcfdfb869538264aa4c2e08400002f746000dfabda125630840601f010f72d200390d861d37f9ef4bf73a7fedb99e17a327f907e3e35cbb08159371992fa6cbfce5cb6ff2e1b01cd6f568321c2cbd13bbcf353fd004497db468b1ae0e349df69176997ea62d8b2c9c7fa481df871a107ea81c3fd490fe23d5cdbb0b7be0e875e55c6f9940bb9fb8e8e4b6e0bbcbadb5aa21968383206c573b6e13de4e6ba97515dff61068f3b27ff40d998678cedbf1db71535eab307b6ce4d5d44dde21752850f6102f448dfeb286ba05d35fbe9ac8d1115d1b5e76b4c589e4de673619294914a4a360ee2cb6dd4d4c0539ff945ff2757cdb6368b0458fe06fdfa4995f6bd2d77e0e6fa2873c9cde579365b2adca0861adfc434cd739fc8bd16d8f7f31ef1416efab15c799b5ae5066cb8df5ad1098aa14cd4bcfbed6e767adcfcf1bbbfd4fd5e4d2b4d753fd542e64868ffc341d3e9f55d57236d09b583dbbe77ad9ba582c97f3f1f86871beb8584cb2d9f2abcfb5d7dc1d5cee1feefd5c10800004ee9a001af4bb264a7e1080c0b508a4c16f323dd0d937d8f168eaaaf05581ca6c526ac8363f2fb4d0b57879a6215ae693cd27daea371fe98de4445a156bc57dd6ee8906e812ba6dd7b16a75fe58a37e2d5eac9f6a67e0a7caeab1067ec72ad8e79c5b30df57bd55f158ee99800531356fe80b8d101b1a25f9b9916cd7475b0cace2ed129053732a5a73c5744138969f53a7bcd6e5357e4d394e18e345d36e97ebab5de666fa94661dcf15753efe4b57a8871dadfc8294d9446ad77bdbbfc16499b49de53a5a0ad8329d2e5cb2d81a04587b36ee95d944db763b7ebca220ec02838fb348f9c91605f4189a8475c7b47d956748e354216134d277088bfea184902c9565334608f50fd1e413ee219a9a1810e268724dac8bd1a73c4319b1be8d15e3ed12f0af206ad03369d0b5abbb3efe2fc09a759d92517b03394d71af5f29e2b93e12d4f3336d39a84fa5b5eac5851efa176a5b09eff94c6bd367c37290cfa6f36c7671512d0f6677269cab3eee695c10800004ee9c00bbb8df395232840004b6097810e35157ba92bb6da6b05da6d3b6d3ef8a13fc0659ae55891a6beb5cdcc58536fa1d149ae46899a91c946170e7cd878e54ee63e5f7549a744d630fc7a73d91bf04720be5b935e5dac53d3bd120cfbb0b8f15df5af36b574371b96e4d40b4d36e62426ee8ee27e152a3c44688a69bc482aa5dc9b4e6dcc26d10d01dbff978c77047d25f881f9cfef265ff6436f153ba6086284d5e31a1bee3bfe86ca54f715b66ccdfe95b65dbb11d2756c2911c928c60b78f2fd76775c9ba7635b6b54788969c2b864de2e4bfca4b96957c6df13524886612bc93e91659c70dae5523a53851208e993aabe85ee7275bf06b0be8214eabdc90a9dc8eeb2bd5c99618cd7934e18d5fcc23e66d7b4c975e0ac8d43fdfbb85f44a164b7da10ec137c6771ac759bbecc3f5960818bd9fb7637dfcfc4def677d84e5815ae6440d73aadf8185f453b5d1a91258583fd56f5c1bcc69b77709f265a187bf9efb859e04e1ed6a9955b3e560391a157a47fbe6cdeb4aa6cbfda4ed4efe98108000046e4b000dfa6dc9910e0210b81181edc16e72b7cd34c849039e1496fc5f57e0e8789415d361bed4deec75a16dde644a532e9d7ae1679d0678da05b80e1af427727b57f6e7329fc97ca6217dd49867b9b436f5a1e26930981d6a90ef9d83d1a00bc29b5edbed98da77956ff0702c59823d0a62319dbe5306c18c026f14bc2d68d9bd16ccd5fc2bf786b01ee2a908c57536e1db595bf06dd26f9acec741a12499319ed3056bc825a657480c6fcc6db7bc43f82a5dc82ac4da48e7784db6a17e46e134e16a2cb1f60ed027446882d709d7fe81e5da19f369a55b85371925c1b66987d80a317e88da08c38dc42c2366d036dbf1ec1f3ecacf51d7f6c6bf090f1a7417b3233fd739fac73c9c91ff85bfc61ef26df2dab6c71de9f5ca4d2f7fc2aef12e439f24fd39afb616ddc1ebcb8ed4006bdf6d5b688ad747db4e867b938009b635e87637c27978769fa929249c87cf0bb58b3e614abc7777773ca5cdbdf588fe1f5093ba99b59e4933a416e57834af47a33b6da1d44d92a9f2b920000108bc310134e86f8c900c2000817d04d2b0769799d2ec1a2d25bf64a6b8af31f3c9f8636d0e772e915c8a1349541a706bef370dd8fcf1a6437961615bd3d96b6bd02d946b53b8ec638de33e96fbb1eae90de1263247f2f7602f99d2e804c9e88655520e5c81c03e709bfeee29bbae18cbdf4130961934e576a959ec9f84f0604a38b769213d9816ae1529c509b9389dfc42ea640fa6e3c67cfd8a2708e68d3bf93b8dbc9ab44d9d5c899dfe316e0a4b6610f4537c67267bfc8b668827df3099c05937e1c1dab89b22d75e4d7e2b8f3d3fbce0edc47bc35bed206b10849d69e3bd128c1d623f7d85a060da2f240aa643a2b01cf389f6e467d3c9bd1add66f4b7e72abf680961218710bf8917f25ea74be99369413cd90be5e9170096d87474b64839e358ae05f384c365f8cfe18eb1bea22b305f7bcab6e9b3ce27464aee646e24c5b18b8051250d7ada302e3cb7e5efb3d2bd399c0574ad53cffd12d59a769da55e7b3ceb747e9326abdb5113df7d507ae523d9b2b974e7b3c3eca05090636c36af12dee67265b920000108dc350134e8774d94fc2000810d026914b46da648f6f7202799f66fdbeddebe7eed8fffd1ecb7ffe25fcac6274fb3e95c63b6c5cbac3c38ce9e3e9e148fc665319b2dac3f9516251b48f6d173ce83b75c83386d0a1735e816c63f50b91f29ef6fa9449d739e4b68cf2d907ba0e78161f391749769bff7ed91b83cb85e4fe0aa01ec2acc0dbe1a2fdb773d820eb2abc3e5ed5175128ca33dad35dfd49caf847309d85ae7b012d42d1427213d0ac8ca537ebb3e2b0d7ca3898f82ba857c7585a62ec94c754a6edf4dc85ff12c2dacfc6d75e4263cdae33d2940d162dc141e22a6af563af561476f2e5bc46bed910256bfa306df5ef72ac196c5e5b84a16741a4b8861a1d757147ea3e93aec775b506ee26fc4dbf477a4182f2e134ef9e938ad50f7506e88b38eb7916fda75beb24c26e14c3fdb78449ccb1123e51354aabe29e7a939ee41872e19aeb923f927d13cb446b8cf2bbf22fe8d28f66a5fc9bd236a3b1af648203d6b6dfa25a9857377087fdc4cde44ce02ba35e70ef3737da876d3f35e8d177f07ee6d6e5d75031de091e5ded17d3a1896e574765a14cf9febe56d551f1d1e652fcfbeaab3af744efaaffc52f6bbffe3ef2abbdb5db1ffdc2e2da9200001086c13d0ff553c56b6a1e0860004ee86809f2e6950ba6da612d2e035b95f63e65fbd78957fe0f3d30e0ff2e1c9f3fc6058e412c9f3e574590cc7e3e1f9f9ab415197438dd3861ab0c9cc871ab66900a75ddaa340fe89caf8b63e32eb6fab7cdbf5f11af43a4c8f7c4d1d08be0681cbed2afaa943a8576c876fbb43116a44fba7641642fd2f09d94110b79f3ed1be16c683f65cc2b5f70cdc16b61dd757c8af49bfb64ba40e82bdf26d34f0312c6ae32d0038b9fd5679445bf0778f8f413be2b5d2acd2b6fd823da50f99baa086c196ff2a38d6a371be81e17c4cfa8a4be38510435fb64581796db73b0c2942bc181efda2bfbe15b9edbf4e1bfda33bc509d1dbe5a4b497f259e75959480ff124a4cb6e2d7af4b31905f7a5c2edbf945b477365cb10c761313c957b89c4169eb5736d739a4dd7a55c5e1b7e39053e2d023e564d6bcdc3b4f6af647ea98fcdf4f95a80bfd19b989712c2e354f8bc38cd8b32b8cb72703e9ffb70f46c315dcc2a59973a27ddc2fff2d32f7e527dfbf9c76ebed735a1a25cbe9ce8ae7e8d9773c7070210e8130134e87d6a6dee1502ef80401ae96c9b575565df40e7effce3bf5afccfffedff507efcf1e3f25cd253595665a14de0aa6a5196753d989d9f8d258e692abb3776abbdd8d0d31fe517367a3b9146456bcef3e71a7ff98cf347f2d77af3a035b7b686eb8e08ec1ea4ca577389a3b8296b13699fdb23dd75986df6b82c9c5ba36d61d9d3d183b65ceed2760bd741404f027714b02d7caf8471ddef6a0afbca7f9d5f12cc5dd795e65c8e50f53d665b7037cee8561ae7bf7227ffc6745eadfc9c4e1e8d215302657207cf263cc6687c1c5ff152f9ab782dcbbedf558ce2dce2af347edbb9b2852841200fde4d3c853b8aa7a8fb4a02fa65b7e327c1b989d7b85d64ccb7098f19c59a84ccd7f15d582a2f9a21712cd7f935c2799ada9e04f2da82794b584f827810d01be13c08ed8d001fee23d62094e7bac7bf6d3354565fd6baeb0ac1eee3c16a9f955f74c4ef8df07600f6eb12f0f33aad53f734770bed0b7ddc111556fb85ec815ae248ac7d6ac799daf495fa833fe7da41ee42e7a44f477531d339e9b3fc8393d937b36afa9d6f7d32fbc77ef337e77feeb7fe336f2477a32bb4bf5224f34689890c010840608b001af42d2038210081bb23e0c14a1a8cee326f5892648f7cf8e83b1f6b43f662303d3f1d94f964a879ac1aa8d5439da3a6a98eda04ae2c261aa585b5e41a5d6bd7f6b0d99b066b1ea8e54f55a637870b1bc3b54cfb79c7600ffa10d605e1b6571455daaded9ca2d0e2de10e5ce685a64b57b6d3a6ee3a700ff0b7f8dddc2f4a6d63c09df49385f0be616a82da85b0bae1d9d83e0eab49b5a71e7efb4f25f7d62dc0d41de61fee7db0af6cb66128c533ee14e42022789e5c4e4b6db4fe5c44897cc76da58a87d36af545ef2dd7627ffd799ed74167ae3152d5170b64f148c83ad891484d82d7b8a9fc2b6dd965e945314a84311d19efcdbf9affc1c4fe5f85ff8b33d941b4d5bdbe5457b14c8fda22008e68de01d0473d91dc7c2b9a7c127bfa455b7df3abf50a3e88e956b8539dee6fdc8a7a96ba86a2b5d8ce72cd2a5985cb723e075e89ee6eeddda7d5e7ab31e3dd8e5aead5df7e75ccd71ae9f9ed6ac879dddcfd55ef2cbcf97f5e26c90d50a2bbce1dc998e493f9b8c8f5fbdd41b5e2d919a7ef1e9cf5dc61b37913308bf71995c108000046e42000dfa4d6811170210b83181f628270d56929932db152785b54c49525e565a0c343771a4c3cdbd5e5c9fc21b048d9645588f78a8bc0e957f30152e7bd895ddc2b735293e535753d9c3c767a0fb9c5de7e3cd85b6ab252faeab08ec06967c9329e1bc19a9da2709ba160cfd2f09c7c98cb26c0c0b711c2f7c1a0d7810d2a346dbfeabe9ebb63b2c68cea3ff863b84a5bcd6e9d6653482f9aa3cd5d67f0b72f870000020004944415476fb5fa87c93de5082470c8f4ec78afe316a7035750f01214dcc6f335d4aef3c1d1e658375fa8ddf4753aed3f88af1a37ded6e80afbdf7da427a4b9acad782a9af68444135ba93ff653308b3413075ba7578127253fae80eae8d7829bc6dae45a3757eab7079a5bcd7e559e85efb5b73eeb00d0d7acb6dff81dd12e03dc53d6ad4a3c09ed2b9646bde83a9b8ed32c3a676a1bc759a90ae1d4fe9c3bc02c7f3cc91d5da76df8970ebe3bcb96e4cc0e8da1a74af434f1a6f6fe6a959537a315b671782ec8f84f9fc428da0b3d1eba98ed6d4d9e9e52bb5c84bf5fd176ae1973a27bd3c3f9fd54b6d5e729a2fac89f7e756cde344edb6bd5526ca830b0210e837017671ef77fb73f710b81302695092324beeb699c2dec0f45eecc5a2aa0723ad3ccfaab3b124b289c6c4da75bd9a48183bd480f848832e0be2616aa30664b61fab1ec1cff6ad8fa74722a00bc24daf34086d9b310fb7fafa0ac2b99c165f2d5b3abeed16c883002dd3426274477b746f0acc49104f5af410274c4b4f5a750be751f08e8279630f027b132769d29b74ce2368b2837b5db66ca1a26d5351e5177ca26977b8932dffe05ca77719be36cc8d7c629e297c554648b4fa0a65dab5ba4211316ffbc562b6dce9071812adc356f157e1ad300b99fea7300b9dbe36cd7658db1ee3c5b86bff76dab63d666c29c8716339b2bab414d4585358cc33a49097d3848fe307bb8d46604e53ddaf14d463dc32c549daf6905723e0a7326ca63c15aff6e673f2ab2474c7f5ed51c8f70674d1df6e6d52a73b0922be8573ff109a5b0937c8d76d09b8b31a6ddae93d51b55b9bcaf9584cbd94cd3dedbd9ea919664a30b35b4d207bed5de05feaa08f6ff484192bd14003616d3157ce97d9e2bc1c54cea7f58390eb06574a984c277505dbee1b6447540840a0a704d0a0f7b4e1b96d08dc3581344a4af9267732937fdb4c6136af35affc79516823de415e2f47cb653629ea5cbbb2e7d292179eca2ee1bbb656dc5af2130dcca2b9f6b316dd0279fb13760196df1b0dca94febdbdae1a583aacdd86d1618133faa6b44110565c87d8de16ce83c65bdaed301d3d68c79b384998b630bbd27e470df93a0f855900779e297e70c77816d8c3f4f695df3aaf143fa50f750c6535b5b6ddad2ab36584fa07b743c35f34e3dd397ae3bf4a27b7aee0dfdc7f0c725d927fcb6cf20d89624a05fa2fe61b1c21c318a3a965cb3bc5dbc8410ef9fb6a8c95d5957073d95fa644cc95b91282f5634a61b64a0a0df11c1efc83a7bd43ea9de14e16d345333a836f4867f7ea6af24bee508e1d3193588e8b0ee5058bb30e9af0e0d768c52d54c729ec169c25900721db6614ce579a76255ec793bd25b46f08e6abfc1a01be2ab2caa77829be35e4b9f30d950cbaf3600b5596cdf56b1087db5add53bb41d20ddb6cb553db1b7b209034e8116ffcefa3d9f13df7f4f4d6278f1af13a5ba8abdb5f53e3f397fe7f63a9c783db45ad33578b5d64c3f2341f3c76de77463f553099a1f67c41000210780d0134e8af0144300420b09f80071d69d0b9cbdc9f3286a4515032af8cbfd0b969f941b9582c06a36c30aaf2622cbdc781041f09def991065927b2fbf8b4c71a71791abb3682b3197667b76901ddda726f1ce7c15cfb9304f46b554569dffbeb4a10a9e14521c4db187dc6c02084ca1a84d0269ee37af49bb4e5d6749741f85e0bd90e0b42734bf05e69c415772d505b08575cc58f427e23a42b9d776e5fe5e17c142fe6b14e1f04f4c6df796c7e54c934467758e30cb6064cb2bfd60ce9952894e15c6db7d319c995fc833bf93bc8e121463057eee81d4282c4ba11af01be4ad776c76c56df4e17a4c65586d1ad0841c855d8d5668ca7ef269e73b67d6d462134faad055245887f8e182f9795ec8d2d706af986e094ee8aba8535e4169457427adb1e0571d7652d84ab6cc76ffb35eee81fd3077b617b23945be00f476c4b8b2e96cecf62b9d7b25b599eabfca5eaafd8cadbedb8798f6beaeb3b5f2168dad4218ed7365771fa6b319224a027bb9fe57eae7baa7beb93afec6e6545b6dbebcebf1155fdff21313dcf176abb73594ed59ca3717d92fe2f50d437bf5cc174a5764c6e4c08400002fb08a041df47067f0840e05a04d2f0729fe9014a0a6b0f56ae93f92fffb15fcdfe8ffff547d26f7c9dcd2ece8aa30f465a819e0fa68bf948a32869bf2bad35cf0f35ce3ad6a0eb910a7aa2819837827baa01be05f4606f4c0be81e7c7923385725c88a2dfb4daba7a43dba5223b66f39f86d0644c1330236e535d4688b02691498adddf62708d83693b0bef2773c6d096841ba8997b4e98e1b8f435b9bab784d3e217c23ff948f7a47a17c250845815ff5747e168c56756e6ade18e94e1ad949d1561157f6e4b7329d7f136fc5259421df1026988db9116ec68e67a3491f1cc123f8ac9ceb788d57932e446de2af236fda42098edf34e14a84b4b0aa8f05597f2c75277b349d248539d819d81dfd9d9fc37799ae410a5bd7c6e95d1b9b97af4842a14df0469d147db5267c43b056296dc13b09ecca2409e7ce6725d0cbde8e1f046ea777ba4aa276936eedaff5eb8df65cfa73d9dd2e662931dd927a11f3b3889e2bdeaad5948fef550af778bbbb4c05f94af7dd3677138af17bf26d1c49cbede7b9857363491fd3b73d9926aec6f02b1359b5065d619e6de5cd4567f23f97e7a95af89bd1b01c55dae03dffe0c362a8f69b7ff522fbc3bffe47b3bff25ffd0525b9dde58ab4af6d773b0c3b0420008144805ddc13094c0840e0c6043cd8d81e5f6e67920697dbfe7bdc8ebe1a804968d1b6ed4f8b7238d04e708bd1e8f8f0f8fcfc42d3d8cb4792d91e6960fe48514e548f66f3b7209cfb08350be649404fa637844b42f99ee2f15eb7571a4aae7d4c67d3b5e695fc578266086ac412054a4c09027514cacb2098af05f4e84e42f886d0be21b83b0f0bf297cda011977fca2398295e4b831ee2addccaa711cce33168765fbecbd4cf9b5b6adf998028cd2ac93a7dca27f05004c70a7eabf8299dfd1bbb738a7f21df5050f3156284825abeab74ab48b2c448aba8a1d0e8bbeb3e52fc9043101e25b6c80cff2cd2f85f1471a27f3b4ecbeef421de86197ce56fd3972cf12f3aed4857b2bae2c99ec256a6eb6287befc27c7ea238f644febc22f69c0bd7e3c08eaebb831cdda3f08e0295e10d02da4c74fd8f97dcbcf61cba53ed6a86bdd8dcd78be7a14ee937ba5a16fea196e69eb3e55abd59d3677b9e14e8ecd58c917b32190f0ec33bdbbfb579ae6f05375861fe977f523fd007f9c15e58fca6cf9a3c9e8e0f3b35767df683dfac5ab973a1f7d5856f5e9a985fdf627e50d7408400002f742000dfabd60255308f487401aa92473e3ceedb9921436427639f2c77ff3f7ca173ff862f0ec93a3c18baf5e0c9e3f1f0f2e34a5fdff67ef5d96ecca9534bd7d8f1bc9e4c973a96ab3ae2e53774d7ad2667a048d64a6f7954c23494fa09964d24c6a590d64ea53a79299196444ec8bfeef77772cac1d3bc8082633938c588bdc0b80c3e17038b063e35f8e05accf2e57b3bbfdf9ddedcdabc37cf15a5b34e12dd7b9e6b3d70e01eb01d205d4bd491c60bcde2f9f8e4e3b65ed23dafd6e0aca31dde90e18de4b17204c1e834fc50daa05860b942fe5c1767c096d00e8c4c3137e1c86871d808e4c7842361e78e21926801f01767439410f39c8d3a851792e6875d5980e4aa56a4853c8255c9e44269132d02c3c732992f28fc32ce0b2557f84966ae816b1ca554a2ad913eb52910e259c65466fd29759105a2b5a6444751967b5fc68578147eb4d9e95e1d61219a78d00e00cb145ca020c53ce455d53dd829f94cd93fc953b84c597f25577006c69d18175ea07386bd9b2ea0e0fb64e7ff03be2077946171d6f5f8ef8c73ce66c285760ddc03cd3cb858039c05f750ce03c817a017600bc96c7b7fa52f7d636b559ad71923b7c615d67644e7097d55bd929f2140be88b2eeff98125f17aed49af45693d83ce49dfdf6803d2ddf5fb0f9bd56af65ac7845cbffdfbf3db9bedcdedf26279fbeaed1f6edf5dff7c7bf6eaf2eec33fff95a5f2d1598fac19e6a9df1e69ac896db2c06481d9f40efa3408260b4c16f86c0bf4938e9a7cf4e18999f8c7ea9afffcb7bfae667f79b5b97afbddd961b7d8fcf4e3bb8d5e38dfdcdddd9c2d0efb8bfd76f94a784e1ef4833ce70b6d04a74de1e6a4ed41d7b2458373766aaf0de1ea7d73d49aae072c70ca388da64840b49860220290e6fcccab740b01ccfa17a05c31f187471b109d207d595ef40e9c8bd6f3b525eb80ebfcb80eea57bae205fe63c97be415ad807cc81dca91b65ec8ca0f8d52ca568ab1ad7bfca7d5a67373ac2529dfa82d5e34643b97807a3251a1337bd9c11ee4fe2efaf1f7cdd910757997f0889092c410f4f0eee1e467e10a4b16e9f8afb06023ea0bcac023005cf2a9b25d9d489aad377cc5a7024907300f75f651d1c9ca8b870e63ce04abc833f8af507cd609a08e6e05d8c52f3a1bbfe1310f9ebdc763bf741f7eae560ec0cdd27481fa02e2f6c21b8807e80fface407ea1a5ef4e3336e1c95dc7cad3dec07a82f438ce6dd071547f28226ba91eb7c3a6972e0a6d0c72866b6c9f813ec5fa9174ca1a0c22bfe6c41e2602e833f62db91140d733963d8f76ceb7bbfdabcd7cf5938e5dbb9ecf97d7e717ebebe5727efde6d5abc3dded6d79d2fbee385551a3c1487f715548bca7939eaec9029305260b9405260f7a59620a270b4c16f82c0bf4b3947ef2d10b7be44444afdcbc5f2de6ebcddffef6ee5cb2ced7975717f23a69a7f6d985a6d9579aadeac8b4b93ce70b403ae01c305e001d508ee7bc3e9307bdef8413f187faab5801365cc547da1fd1020093a75cd147603cf96a7337cad4fbe5e1215fcc5609c65778ccd38b1e803c41ba0139c0be3ce905c809a93243f8b2bed04f742f614f5dbb7cf3295ded18d2c8a325d55226cf00292ad288d300eec7b99bdcf18ed21409c283611835ea2a5ed32837baba742ae040e4315c53a1ca50845203601f09ec12d5a2e4578ecb896cd9cece5a3ad929dc72e807b228d7aea8dc4983697293c960bdd27064418b6f021a39b3871a7c8c99a8d11ff44be8e7506c0d681be092af1ac51c7479af4f78cfa9f6b81ca01bda18a4671a4ff86ee9bca53ce2f69c0ba8e35ddf694c53c6f10aed390f6f7adbb82ef56bf562f1a401cea33d0075d545f3c9b3ddc696b2a93bbb4dd1c75880a532bc7f2e0ffa7ca63d4c78b8ab9ddee30f80de67d7a920f3c5abdd7ef14e467fa7be7877b6bc589dabc8f5cdcdf6c3e1a6ce497f4c65e6c961ee383dd8f7dbb8471f2d72629c2c3059e0995b60f2a03ff30e9e9a3759e04b58a0261525abd27d587984fd84a4a77f223edf6f671ca2b6d1065ee7fbeded957cad57c26eaf344dbdd2645bcbdb1390db6bae77cf0fb357aa4befa073deb977690794f71f766daf25eea8f599aa7d42f36f307b3044df8b03448df96a194c741528102bfc7b048ac92f104e3c4073bff43c00babce5b5a4bd859d071df00c70a73cc01aa0edb04078806feb61402d9d2843c7f62179c71fe4145fe61d0374ba1159b6886ee0f302e926c2c025ba6a8878a61bc5e4cc2dbe2e6c7c16e30ccb19c94b8a835337141c5dd98720575d4ee996d4c6799cae0ce85cb8067de98bc5557427f246f3fcdc82500cd61be2c92b5a353c2c48c6c61f35b4e4b10cb2d55780575ff49ba2c82bf06d306b3a20179dd2932eed03f4aaa4320a003b745e474778c713efb0ebaf0e40ddefac573cc2bd777307746b4c8967bf8ba5ede151d7eeed02eca603d2d37bde96c7e39da72e64679dbd579f780073f586e44b31a7e3e106a9e1eae303758a3d60811a660ae701d067073df4f5b067a06ef4f78053415e89f64a43ec6f8a9fe98fd1920177ab63da3e1c0e1f0eebd58de497ac07aa7a985c052b84937eecd30f979e72260b4c16782916983ce82fa5a7a7764e16f88516389e0c56bac253e23f9677827f7e76b65ceee7cbcdeeb03dd799389a3c2df06ef8a3292def9ccb83ce7be778d2bd136fa41df7f9e62c690794b3b32fe131401769bac693c14a55288b037864267f14e70a181cc0dcc0191e7d0ca60901c8191a54930f2836d8e63cf2f08c2f05c0e3ddf32e4c6f3a74efae3e02e692a174c88a3aad1ff2f5d18dffd2b54f47bce78b78b48d02e835cea795b4d5be4a8327401bb2017de10d8627b8ea3e10d020afd427f292eecc71bcd89bace419e89f8a1d7dc3ba24601b5017e100ec1a0b11ea6b84aeaea257d8b2ac606b27b6e1d277d361b340d24dd4add15b5df72bbf4f51391191ed7e4e61ea12b7ebe190422ac5476508b90a0c432427c84761966b001af02dda7d4f7a2c715f0a887b39fb32bce6fbbdb61903942760af7205d69d4e7978f301e2e8559bda919ef351a7f161277865eacfa080ba425fe2afabbae738acfc293c69019e7a2440e755287fc3f54efae142238307bd6f4452b8b890e557ac6058cd17dbdd617ea3fef9693dd793c52f78556f56f805454fa2260b4c16f8862d3079d0bfe1ce9b549f2cf06b5b8049c3f1e4af4f7faa7e789f70cdb5c9d272be97077dbeba38eceeae0e4b2f67f72eecf3051bc31d5e693a95e05c005d9e0e69a88f3deb78ce01e64cbeea38b50a99543d511d957886d7d808392d4c97287980a9719834110b6c0f1e72007882f402d10213ed6c73007a7eca735ecbd947401d806e8f7a0274647665cbd3ed507905ac51d4fa5ae1d05cd9d10a22fc3710277446974e808ede94c87c17120802a6c7f268e4c5372124903e7165664853bed399527ca007636677746446de09e947a4e8b70eab293ffbb2e32c4a855d56445b46460850c149455afebd9223555bdb3ab653348659d93258b3bdaaa7cc0f286f179e72fdebdb39bc830e9798fd3f0a198c579a3eac389cb040ab464591489b6fc83760069c038e55a680f6106ab9bcf2060f7abc8b0e38371867ec525ebbba536604d0a16bcc855cde9397466aa7bde67a2ab99791766e35f657fda84519eca07f582c548f7bd9392dd9e58b5157f15718d417712f931c37b603e81e756bd950af511dee64ad5b59f767c5af94b351b71cf40acedd5247b1e9f1c84fea1aede9bee237e521d9c7757d32dd0ba247fbf4270b4f0c9305260b3c5b0b4c1ef467dbb553c3260b7c190bc434b02685f7432614c5f30b27178b9576e639dcea2cdafde15c60ec4a53d237fae86cf3d9f7aae6ad662faf349f2d40ce3be7c42bc47bcee4a9c038eaf0a9b4a22ff7bad737d569368912a40b2511cda460acc12b00b6c038717bbb057e0963297abc2bde3ce57eb7fcbee77cd17bd089e76704c87b70aeb8eb0648ab5eff4be5a24dd069846efe9f5402f367184c2103fad12725100830a930f6d0604b37aed39022c311ddd0a6bb5a22e94e27b18b0f514097d5ec843c22aa42a1cbc77901818fba0089c5a808b6710dbdea7d4b935e45467618e575f611dd5981d2fba2d1982a67454a1f11ad4fa65349774fc64368c707bf0a91cdf277ae08148fff504c8f74c6cd17f15ae25ecbdb63a338807a78ce0dbc2574010057c8eeed00f17af7bcc54d3f889e9e7680767e02a093a67cd239579d5de705d1b76ae4417b856bd81bc0f3ddf3f27de919ed8b3647fba33975574eb4bf0bc92b3af1177cd5ef01e15a86bad090542fe8d1b01e856804e89cf4f995ba550f7b0f5b6d1ea795ed879f44fb41e77d6eb6ebd75f14a00fa32f7ae438fd82fb696afa6481176d81c983fea2bb7f6afc64818f5b80c9424dea2a3c5582bc475d87ad669ffab3138e31b9a1243ee6f04c962e2f377f7ef5e387ed2b2d297c7398ef394a4de1e13b4d94f4f16ebbafc4cf7b83b9219cdf3bcfb897b3d7e4eb51eabc38a636fbcb8826fdd57784018023bc0fccd3abad32b5715b79ca03a403d401dc80f6c1235e80bcc200e4c50b5f2c7537405759cb761dc4e3a3a47443a3d08d7e83e64b9188e63de9013207c64abb8d94e93ec8a97cc7b969904550028ba6747d318223efc9a754e8763a1d791419f243c0713aa8fd1dd80957ebc63e93384854153c0ccc5371f385a0b1acc8a7bcf54c306d1e7bb3a9441aa41852ad1d0fa97f4ccf74f45a0a92ec90a31692af6406d6c3af1824d11648fda0c36c91ba0daf22487a89144753583cd0c9f245daed090a0f66683b8b98bd933b6d06b6c125f08c4d16a2ed1531d03e0e05be7b6f39e33700b91e5471567a01743ce30073a7152a5dc09d73d33d3605eaaddb9c13bd860bdeea3ea8ad2d8a0df1b01ff952797491eef94699cf33716c025a098ddf8a6620fa96840280b91ce6871b19fa9dfafd9dc6c4bbc572f5e3ec76f6eed5f29c77d031e1077d78efa03ed0fab8929fbe4e29f7e95213c76481c902cfdd029307fdb9f7f0d4bec902bfd0023599ab70240ee2e36718f33ffdfbbf5bfdf06ebb7c7db159df6d6fb591f761b53b2c57b7db0fabcbe5d5abc5faf0f6727df6fdedcdddf77253c873be7f2b38a833ce0fda10ce609c5d77b5c3fb41ef96cfa7f7cb479d713f31ea9aaeaf3c0dadaed3cc3421480003a56b293990d820191a60b979cccb73de8778d095b6473c80b6c1bad28d8e8c3e3fd3964d3c3fe3f7cda5851a62d082ce243c3f96dea30646fb7ba00d43cfd2c7e12e20eb32a09ee406ea38192283acecb05463abdc51183a7535393aa4a396213d2afc8904a528ffe095623fcee786341163de14a05c83c01ee5aa58e075c3d550c4eca15181c6d20f5bb11c3d14ae5a86708093556208c3f6a41999450f9d5260f64fe63696e3749519da4517b794cab968121a9d4e9412806d39b485ba3436d578c6090771795c31b6fa0f63b70078864e4b0eefa6efdb7bea01c61b403738ef41ba36995bcae32eeffc5221efb3f300ec4ee142601d004f59c6aeff39a4c3b22dee3bb7aab39c88dd453b83a3234ed1b280cc335fca3e7ad5ea70a9df1dde49ff5e56bfb93adb6cb737efd6affff19f5ebdbff9f97ab3dadfced7bb5b39da6fb75b9dc0b6dddece96abbbc33fff309d935ed69cc2c90293053ecb029307fdb3cc36159a2cf0322cc024ae2673a7c261a6fb287bccfffa5ffe65353b7fb599ad56675ad579b6df1dcee4a93adb2c176777bbc3abcde6f2edddcdf55b4d86ffa05dc178f71cefb93689f3516a78ca2fa48736f3d1eebae3f7cd518fcf747516a8fe33a9ef401100e15c0482df361e80a3de338f50e040a0bc76532f4f798483e7bba5f19edb239e1e7483f1fb00bd807885943728af30814f0342d633f50dad5b6f07d5c4d1cda0bb286e63241a7f198790cb1901f0847974018208f3225fe9563e92956b3b46a2e718f3933fce0d02d5dca3c37cef02f6868ef7b21ae153f96a46dfae566e1c615cdcd3ab11327224a74ff25e75227a09c6b1480bfb705c5f9faa0727830621b9fa055e53869b8b1fb7cbd9541bc5cd13b7b4b6748c58a6e1ebf9310224817437875dd5b5711b5439d6451c40fa4295e359f77748e3b83ce2b4a53ce55a2e7d324e7ee4b1037cbcdbbe938c85eaebbf735b7dbfe085c77225dbcbefa983389fec3537c5ed0e0aed98ae4f5b40d6a26797eae48dcc79a9d70df41b3497375d6b20b4aa61395b9d6daf7f7cb539ec7ebcbbdb5e2ff6cbf7ea946bfda4bddfaccf673fbfd7528918e8f746dd43b5d7b0233f465c70f6f487ca4ef4c90293059ea705260ffaf3ecd7a9559305be9805fa59463f79e82b78e44442b34d1d7fbd10b8bebbbb5c6b631ecd64ae34ddbdd8ed16979afabedebe7f2f6ff99c77cdbdac5df53139d27be86c0ca72371e208b57ea7f6fe08b55ea529de5b40334d5f0008459ae7afe20a0dc895df40b381f90010a00316e21d732dd92dcf78db9d3df2ca83aef3f262e33785b1ec5d80e38125ecb12b7c80f4d2cde007a5a55304113ae15b3f32932a52b20f6ca3292ff0563c75632eae4498a7972f0678f27a0816b712f72351d2f496a9ba4ae2fdd02add27dfa3746addcb83f04bf34ba86d227d8177a1762aaf0aca930eef834d12136587abe2d8bbe243ee3856f948af78845134255756cfd60455a608a564470ab6cac84206ec39464c0a64bee0cd64c609ba4801c470cc9bfce9b2458072dac47724c07680727bc9d3e31d009a77cc555e00dbef9e17d0262dba01a0eae298367bd0e545df2e74649b3e5b7bd3eb5d76c204feedc8376400dcc3628ab905ee3d8847d749931df1bcc8640c777e57b442eb70a93f283c20de62d8ed7eb7d230b8582df53079bef8e1ecb0d659e9f31f0ff3c56abddfccdfdfbedfce566c3627fe275cfd28f4d852d9eab10a9f206e629d2c3059e0195860f2a03f834e9c9a3059e0975aa0260525a7d27d587984fd84a2a77f22cecc77a579ced9feb0badc6def7486f9f2b5cae8f8b4f9abf9fe00387fad3d7259d2cea4885ddbc9ab73ce2f4563593b9fdaadbd766c47a5cf544b259fe1353646a4b87bf93aa13eb11b3b86039897f73c817602f202d501ce01d9e139b767af8b0730e71d74bce711b677d1a1210f809ec03f3ce655673c1868e09cae34d2ae119849fa49a48448a486992cf1d6e8a11ce4b85aa693c50176a12a83c66221737425a1f24779104bda90619943f251b1fb52c6c52adf0039551a73d093b24ea934ce54ea53f94705b2c2b051d52e9eaeeee88ba3724e0e4c6563ca41c5d6a562dfcd3d5ff465c868f4ac26007e9330d2275886bab3480414c9ab2b3d34c786633c505e1cc5c4970592424e3e13148f364879b72543e205d22354daa05956525e6d3e17618278e80dc46b29bcc0ba1e586a99fb62b6d5961dc8f16737f7c671b1119dbe2f807ad1f0d7d65bea1ccd26aad729f88436b722daf2703f8969ba060bf01589cd46f52058af55cdd904804ed77b0af3d9991e9f5c7ed86eaf96f3f9a58e483fd3dfb3d5e2b004956fb5b1dffbf9467fec62e40c329f10a372ae0a89470f129baec90293055e8a05260ffa4be9e9a99d93053e61012601fd55e90afbbc8a7f2caf78ba70b15e2fb4ffdbea4c9ea24bcd855f6b1e8c87dc1e731da9f69d26b178ca05da17b553fb6bcd54f23835cea99d1730671204387f911ef47ef256f63dee0ba7750b7f604cf8987b52b68030e0c8805954803b4000506db06d405dc0fa089403c0bb0de1ea5df302e901e291032897075d4f5d2cbb3ce8ecc80ef0a04e7d9a3e3406a5749d6e8f1b3464c224f6063e5aa19061418a46ab9d1a66bbe2a51c75039e2c285928dd4499d6c94b9e717094afe458e2c01d7201a859a62a32281cd7db7886e2835e14afb2a3fcccf8ccfc4e5444b30e4ce4b1947287aa87582b2b1254bad2a6551c50daab54a52abfda729c2e998d9e84a68bd3aead585b487df7af815ab10a5b97a438e8f481c797121e2752248edf53485c1fc676c58fc3f298a3bf97b15346b6a825edf087e73b007b00f4f0a0e339c793bed86d670b81f5259e7479d717bc8f2efa4ed8712e902ee81ecd44b65f74e88041000020004944415457619575694e2b647bea0fae768f1c38efe735a69717c11cfcbe6c34802fc3683a5dc4af55ed5f69c5c4ebf962a9dfa7c585fe88e99c74fe80ccb6dacfff467df5d3e6f0cb00fab1b9abcf2a3cce9fd29305260b3c4f0b4c1ef4e7d9af53ab260b3cca02fce8d7e4ec54f829219479c235dfaf16ab95de399fcf5617fbfd9d263af3ef24e37b4d2bbf57f89d946102c4527679d7e7da10cecbdab50cdebbb6d7316a4c9ef069556867f013f4f8e659abdffa86f4fdd7d38993c7743d428c2760ec74816426ff0074de4108303e80ec02da412f10fed87025705ebcf604aa0e40710073e9258f3a400e5a5c84000ddd4135c72120045e8311e72a9e654b844b3df53658356a1d97ef459fca1f718ba135a7cf18aac816469f98a584f615f5655b1c86626ec41619e58e12c1322291e07a585ce4e7dd6c3d6feb83115b4b64f70dfde88aaad2c63648ef6537b61619151874894209a33dc6a1dcb7ff693923a1996863d1824298e533ce68b3dbad4cc70960848e80cc77b6e29926b33ce705cedb7278e4e011c77bae4f7c4fc273be6d0fb2e451e73b9a9e743fdc926f975669259275d0526bd5063827b432a6fb0c753172ec5c5251d4578dc0de3af0900edee07b41772c15003dacc843e0735943c77ece6f35ae7e967d5fe9c1a67ec774c9c3be9acd3f687cfc2ca36de6db2f0bd04ff5cb0bea8ba9a993055eac05260ffa8bedfaa9e19305c20235097b28ec276afd64e133ec37df6c163ae77c71260fd4a58e2f0284b311dcf79a07fd59931beddaae5d73b5ac50f568f75c3ce643a8384bdb51a13e0073ae4a47ea99df69ecf115c0006af5e2c01113f0a013f73fcd320b24db83aeb4966b0aa403d4f17a0fa0da80bd4b3f94d796b5c3bb92d71c0fbbc0f9dae9f0a01b780844d063d4df3ea8ab74bba42e50c240488d832f409019750ba041095a56a19860f8f45585c4895ce4fbaaf2957e4052abef817c14eaaa18738d324689e03b411a0bf8788ae29d45ee3147fe3df2d308b2d349398fa29f285976efb5804dfd00307ef0eafaa9b85aa8486467df3e28243392adfad61e67d71fd6e41ebbd21baabb83634c324e91d187a185c72f3930601b7f88c6bbe20340079c2b3f013a5e737fb6f29cebfb68902e1a3bba6fe5ab5dccb75aeece832db4d547e2f75ad36e3dc0e75ee68eed064f3a3c3c5f88b3e13f6a5524fa228c9624e14504fc81b2090805cee780731992e50a07f606d439e97a907c38ac659bad2c79b33dec7ed243439d93bed439e91780fb32a1a2bfec3ab6ff71fa97499f4a4f16982cf0b55a60f2a07fad3d33e93559e037b0003ff63509abf054b58f9e6d1c345f19ce396716c82c91e27c2eaeceff7cf1eee6561e7281702d15d424e78de698f29ccf01e72c77d7aeb9ecd28ec76214f23e20cbdbb94a9d0a83facceff71b5bbd27832893fc30f76088323e0cfce33d73efcaae39281e73e27e97dcc01c50be080f7a2e4b7f189c03e201e103981f01748172de5df73be75ed61ede40030a74415f87a9616b1c698084daa6fff0d132039c6a9619a2bc998c3a28d40a0ca0c288a50a1246dd234a54d2934ec78ff89aca1d77f588c63235e94e78e282312fb7d5f168982d90f9943f2d40053a194d962221e544e6a84869759aafe43d149e2e656d4f1439454f094782fae4431a46fb1e368bcb0db713fa1c91aaa28e1cc5a3078bec7ea94485306afc01dc6bf8451863962143daed5222003af690c79b25ff495be82cb7bd377b932c4140cab5573ff41de37b6befb93278a046b9d8332256c3585fa9828ebc328d0c6f3a27dd583eefaf93945095be5a8fb474d04fddddc45319cf974693f3634f7a26db1f137e87f8ab93e7a41f7e54bfea9cf4c5bbf9edecbbcbc5a6ce4907c8f384e4f883d5d3f28a7de24291e99a2c3059e0e55960f2a0bfbc3e9f5a3c596064819a2954782ff30933049d73bef8e1ddddeaf5c5d952e79ccbd9ba5fee0eaba5ce395f72cef96a33fbee62b379737773f7466e06bdc7a777ce75beb9663b6c0017c05c9bc8298eb79ca58562c3a3c17ce8e55ea71acf64bc2ec7748b65eba26a026f00ec68c46b626f509dc0dcf10e9ce3f53628ef96a5f71e73c7c563f00d700084679ae5f17ee73c0145c9468f4e5569c4481b741fa71b74108f72c43a02e7a6523ac0af6312058fc14ee5d75c9aba1fbab0d1719e091d35cb374ae54bfea9ef4bf19564d2c137e62e3e57df8676710ebcaedef903ed58e5e39c515a09d2831e7de98e73a49078aa50b177ac2615ff29fa314d05a21d212cb2534093d351d3e65535a1d93a7a158b3ca57a425ff031f1d23765908c68c47ad11e7722f4348ca5bf616e23c30e352bf49f2da16397cb91e071caf8e1af9aca31923c7e2d03f0cd82746dfe4628615ee1c2d2767dbf76f54ebabe63db9dbe6f7ce716e165e7bbb95d6e755ebade864e4f3ce0dcbbbd2b8416a03deaa3ce78973eda831ea96205cd7ab4176bbcec2b06a0ec4627f1dba4df28ce49d786a6f3d9f7bbd9e1c3e5f9d976f7e1ddfacdbffb0f57d737d73faf7546fa62bdbf3be888746d23709be7a46fa773d25ff6489a5a3f59e03116983ce88fb1d2c43359e0995a20a6a031f9aa49581f6ae2f1948b73ce973ae77cad73ced77208e9a85896012ed667abe5fa6e7b78b598e99cf3db9fdfcc0fdabd1d0f3aeff5cdfd7e39e05c9f03e0bcbce5f254d883a1a9ac2747a54d854fd1ed59f16280982e32958f8bb4dfe756329692031af88407ae26fa9ed403d0135c17900ef01d1ef1de733e78c6910320200c70ee50347bf3443358cffc78b73c74481515c4341f00e3ab904c3f10cd557c5d48b4f814a5e50615c4d54e6795e0308e72e2aa621516dde1116fe521b3cf2745795fca8b74525a46314418f549cba3fc71729c2a09a3fa5ac34362f17c2a2cc91156aa2b55e28eb24cd6cd619a81524e77c58728390f5d434b1ee42a5b772282d4559e79adaf3bde93d1a1da93d9f7889d726e67559d61f438e34e971800b71cb5a6ff31120db0e96bc6bc193a9e00e92eaaacd65ccac28a040379c52c0f1e81741520c423be90679cef5b7dff9602e25efa9edfc5d51680ae076c2c8f2f80ce716d1537588fa5f46d533a0dcc7a2fdede75e9703c56d1998b764bd59774d1e4fb1703e1a06ddbfd3bc57be93b9d3832ff20e3dcedb6dbc362bede6cdfff74b599e99cf4f7dbf7714efae17ab53cbbde6c2e663f5f6f31235ef5479b13c652a64214ebe9a4a76bb2c06481e76381c983fe7cfa726ac96481cfb2403f4be87ffc7b618f9c0868f6e873ce373ae7fc4ce79c9f6b8279b638cccff6dbf999b6067b7dfbfebdde395f68493b47aab1111c5ef419cbdaf5eeb997b503cecb7b9e1e7439865ff075dc27a43d69c7264a305f64525f1e726f1e9520b940f930b10f80bdf2445ff11ea4f3ae78a51daf65eab194dd405d9ebcd87d3d40ba36f953ddc4f1f0257027ed0f7a66c7a973034c07817ba4152acf7c0ab9227081488bc1bc999f0ccef3ac35e996dc2a8c6cee64971a150eb943ace57532b0b3af0c1b4f68648046be97a9977e51a2a97944cedc718037f3f8b2debe554ef15458f42e2c7d1be901de9eac789faca2457348c3931041121484ea6519e56656b297b84787d18492a7628e32caf35224e28d52395575e375bfb45c454e2a754c2cb9439d152bf316dc665c1aa44b742c734739c933708fb0d2a83194a70dd443dd51c67204fb7cbeba18e7fb58ca0e805e0868ef793806d8d679e8dec19d77d2fd3d5d0994eb9d7479cf97daae6c25de2d205de7af71aebacf544f90eef7dacb9b2e1ab2f1d4e35d47158250a7be9d4a77575906ad5ff0851996eae28dfa4ae7a4eb3850bd8baeefb0b610d8adb4eee142e7aec539e98bf58f1a0b714efa61337b7f7dad73d2bde5fe744efa0b1e4053d3270b3cc6029307fd31569a78260b7ce316c869606b45a5fbb0652a5213b19ef688386ecca526ec6b9d737ea673ce2ff496b3bce29ac4f06ef99e33cd676f573a4e4d5b24bd51fcb566f7ec8cab5ddabd211cbcbcdfc7878d767a80fe992a3d42eb6f88052314381f859ad01b98e3194f8f5a78da02901ba033993f06e602e42b26fe0d980b5c275f8480f494211e3f04008cab9e00e7ea3dc07802f48adb7b2e9ab41d8da51e88929b7840c3603ce5af348026b26aa456670dfce6c99a8aab0f79bad3a74bc2a7c2fbe01c8d75a54e4e399e702de3b034ed5a246947ed8497abda1ba9baf375a2ba4e4865394483e020b4be29ffa112a3e29f4ab8811d13862e5d5c413084fd45e868d6c73d5f9a88f7585e27fa5ed4ec5d0155d2a582bdd7a704a8ba9e5ca5d082f2f76167e8d7778bed6d21d1a4aa3748912a30de643a12a9aa89bae3c18d6278a6d1b1f3aeb706a918a01c20cf488291be5c28bd57184bd3b52b7b026abd35144bdd05d401dc0b01f31d47b0f13d1550878677dd609cf3d405f401ec807b9dd36db0bf43ae3e80737f09514df92229223d1419767c47f1f165b631e925a5e8daa56e3c4806a0eb0874ad9b38689b3ece493fc439e9fa0b79a515457fd3dfcab5ce498769a78dfd6e169b05efa863c2cfbaaa608508a9f1fd5902a7429305260b7c9516983ce85f65b74c4a4d16f8f21688a9e820b7d2150e3943ec637903578bcd75ceb9f61d5bade54938d764e552933c1f99a699df2b9d73fe46402437835be041d779e787579aaa70d62cefa0b3315c81737015009d904f3f1f51f2655cadd185206206adc63347ac893cf1dcfc0d00dec076be4fdea547cbd80b9833b137084fa0ae7878c3cb839e003d3de47e30801e4ce24f7cdae656e6e9fa89c184d20a8122d5a4186371efb81d2d9ea08b876a2d044121ee5e689ea016b80dee819f5c5fd6a512996fe62c51b268276c49ae08c01a1b587b94a5cd23a529406b1d70f735b038675ca498542a4ac7bdea6cd9485556b53164222ff9d1e5c1abe37b8807d0c8d589492b88366e13f4d12a82aabb648405425edd53cd529730aaca0a9d1ee295db173fa6b5eaa49faf0c90e2688b9494bebb863169f55580bef5e5601803b58c3dc5a770718a8faaad47cb4442941d00bba52635ca0525ee6c1ac722ea382f9d65e8ecfa1ea1bdde78d41384e335df01d2955ee9bd74c038cbdced45d72ef09c9bbed4ceef3e3f5d0fcd76ec040f901f6af7f843377f5001dd4fd82ab47bf177ceb0d3c96a7289c76f177f0434979e6bf5d7704eba1e8508bceb0d749e76e89c74ad53f039e9ebe99cf4173f8026034c16788c05260ffa63ac34f14c16f8462dd0cfb36abed5879f6a16bc4fb838e77ca973ced73ae7fc4ce79c5f683934cbd805c6ed31e79cf3ef345fd16eed3379d37907dd679e73ce79be836ecf7901f23aaea6d24f54e7099a7f85ac436387993e34a6faf2cef85371bcd9e5c5f63be602d93ede4c3badaf56807685a2f5ef9603ca8fd3807bde336f9bbf19f00f00fd18904b0deb63f32598b1de4774d36052533416cc3edcc6e9c63b30b8448026e6bae2efe5175f160c282422699052d28b8db001e4d3d951a4da43a80f62064d33465e13d6d750ccd95af1b844de862221273ce855c310926b00ee48f066c39c139cc55ff58bcfa4e22f7a868dfd817cd8c4039b2fd88e1251b2094ac6e334e4be70e6379b290d89ab8bfa2147909c354a177fe4dcbbb7ec44ea06c470490df206bb0771488b211ad5fa0935b9e879a2953605309b75549d05be5b9b0ba93bb4a890a60265950aa9a08ddb6215171bc9c1cde66e14aa8dde00e30340078ce32997d75cefa12f156e05cce31d75fd5d9077dd9e73ce4fb7064073eae30df7d085f1477b627bbaa0f27828bf6de63bbe55bb831b7921eb98ef19a66598d139e9da92ffc439e9b3c5b9c60cbc3e275d9bc84de7a43fc3c1303569b2c0af6581c983fe6b5976923b59e02bb1009340ae87c27e62d54fbaa2d493ee75cef94693d5736d6ca477cbe7bc63fe4695bfd554e53b4d03f599b3bc1d6f3a799c278bf7bc3ce83d182f753c4d7d9226df3a3313e66c4319610899f3c5a7bd6faef45273c678d73c80f7cae05c719d49ee0f80dcbbb37760bdedd6aef7cc95df03f47e43388e64f3b27594f0acb357ae341b8c0e05fd2ba78fc3158094d8f145bba3d44886ea04a328c8ab4522ada4346cf1e21ae90a7154ac2c1cdc83fc94443b5b85ae20bf44d2b0f491b603904178b53464fbaedb100e09ea2327c2883b1ddc4dd521bfdae8824a202b20949b5540b0d440a42fda235eb7652853b94746897acda65b6a81e8d06d2845baaec81ed2a63b39403ceb4046d2ab789838edab6cb7857b442a50baf5b0c5b71b7c5dd5213e087eafbbcfec787bbb0e2c2a97b20886fe8fda222d21ce0cc66417ad139eca0545f7ec1bd25cd566ff61ab7655182c790fe989d355adfee9bdf1bd1ea4ede42d8f65ec2c5f67497bbc9f6e4fbabecb80f45809a350a75fd6b9e9b4c1ed0825dc146c2127bdf8d50c225c1093c74cae3db28eefad5d143bce7c76691ba51e1e6b95179e73bdd87f7c4efaecb09109f558a4ce499fd539e9ac0c2b93fd62eb1cdbfb38fd8b2b98044c16982cf0bb5860f2a0ff2e669f2a9d2cf0db58801f6b66027d78aae647cf160ef2c1c439e7088e3977cc9b11b1d639e71b9d73aea5eaf30b4d02af00e19aceb063bbc1b9e8f1eef9cc3bb71728d70487236bfcfe39728ed5394e9f6ac2b3a1d9a83531ee8cc1a43ade332794579c34cbce1586d75c3479bf01e1eb02e5849aac577a99e9e63d6f001daf399ef2f09ec7c41e6f7a7ed4039ed8d335ad378868643d30230cb6c62cb687790ba5c638d55d6d2ab141ebbbf708a889b75da36826087a2125d80d8944036b3d1fc51ec8283a212c064e8eb895ad9cf9321fc6e20d539011fcd1d88c778de99a639b9015cded7214b545921460ba312a528f3cac8898158eaea8b7ac9a8e618af9a2be2a113c958ad0f72295dc13c4816588a1722d178f4adc18a8fa50b1c2ea5fe25c958ed4a09cd3836c4474a9e0be4728211992dfc9c732659708d1f884dc46fd48056eac184344048a477592dee82da28a60d07fdb814af4bd50ffc11b0fcc548ed533f2a02f74041b0fd276face7266babfaf628cbf19f0471d488fef32d29c8890387fde15786777d543b5352addb2e176dfb694d745f98f58c13cdff8cd268ca6da930e48a7d5d56cde4d87722bd23bed3ff04e7f07dee8efeb9bf9edeecdd562c3f9e82c6600e4f3348472c761c952d6c72f6a9eaec90293059e9f05260ffaf3ebd3a94593054616a85ffa0aef653ee1175ee79ccf75cef942e79c2f74cef95ce79c2f74cef942e79c2f74cef985ce39bfd439e7973ae7fc4ab38f3ae7fc8de699ec74cbe795a623007396b41730d704c78b399fa0894a3f9b8b9e89a673d7345ab79a4ce7441b3a9bb189eecddf98786b221e203d96a0c772756dfa969ef302e5950e4f3a5ef2fcf81df4881b9c8bced2f600fd1976137d26f5be2af0804257a8398dbf37c802e27c72c69eb2f1148eac517555ddca6f51e70543b2f5850739a5538605aed19acb6904289fd74571253a6cf36de541efd294f1478520579a44d0071a69e8b14cf97ebeeba55c28c37d7ca56eb6334c368023e68b7e513a0d73942d72eadee5a35291a3ff10151579fcb91ad28e38a7fa3fa9c56e416e637077f79034681a45a8d8327473ac4f5ba9a4bb6a015294753c6f9936312445f4e89e1695ed23c3692acef46000d1d218ad8da47dc583229e6950bea84e41335d8cc8cc0f4124c677e70f5989bd259102a557d5eb8a649daad091900c33afb3689bf71049947fe261f337ce51475ed0149a069dbf1ff9c9b3d317e565879e3496cbd7527ac6acc7731f4a323454b346792bed6862cb23f1fc2f9aabcb9d846df4672ccf499f1f2e94d63e2bf3ef58e2ae73d2af771f7e3cbcfdc77f5a5f7ff039e9dbf96a7f373b6cd932e0eec3767b375faeb7fb7ffe9778ff20043fea8efd5f98dd1f65978969b2c0b76a81c983feadf6dca4f764814758a0ffd1ae1fef3ef42ffa23e4148bce395fe89c73bb6975cef942e79c6b2ba3c552e79c2f75cef985ce39bfd439e7573ae79c49c92b4def5e6bdaa2cde00cced9148e4de3f4992740b7d75c58de939b9ce83c55abd2ee5b0da3d9dcfd6913eaf07e31c10ed01ce03c007a0068edc8e73cefce2e800d48c7835ea01c90beecd2bc8b5e9bc8f93d73407903eac8229d93f92370ee1eea4d5cbd05edc4f2de9cb79399a5fa02495230c88dfc119712000d981add912e3d888a5855a77a5b34790016c305f8c82245ee098a43c6fe956d6ed3291b1f7b1b335e341db814f92c47be9737941df87b1a16538d2ac7153c8e25c95a996e86d032ca0421c959bea7c115e48e3af0955569b32d8fdd6d7edf6c0b0a46be59a27f92665e2859063e7f4c2b60492d116f5e60f3c7b162946d75a75cb14b4e9f9f3cb4ddfca4ebba47186cd3b59d5eed92546001beeb467dbee8bfccf3585621ca55df91eaff9139c81d253a3a6a17173512efc348b97e2b44ba45ccce316c8b05e562b5b5fbc4f62e6c37c8234613e22349fa6ed7df14873cec1330f77beb428a9c9dceb83550efe3d8a2ff486f34f03a03e856f8c5dcb2438eda2bd3ca4838bfe4493fe824939d7eef74b4e861fe61bfdddd2ee6abc5eefac7b3f541e7a46fb71ff4e3f941af15dce89cf4f7afd7e7b3ebf7d339e947169d9293055ea405260ffa8becf6a9d12fc902fda4e9f48c62981e7ec22e42883859b5acefee6ea573ce579a0a2e75b6cc5ae79c0beacd2f75ceb9bce38b2badc91438f739e780738e5763d7763ce81ca5063867c7769602f23e1e33e1875453d6f3bd6874f44ff69227d839796679b9d205c80dc2a13199e653e0dc201bcf39def0c1835e209d10905eef98d772f8b6191ce5299bb20b0805509782e844f70cca761d22bd53f502e9956cf4c65d395d573b3a4e3720423965b5b4f568c24e46a8a193663001a3b003f741a520445a795d4ee3a50457696d2e787b80d201f1a207201740173887b687a703ea951ef19b3741bd2b0d8d2c03ed4adf0cada41a5ac9d0323c9be37e0aede193f9420e06ca46452d29281882512c0d5c433f4ed3177c928ed57dec1ea1e876f036405db408b571a475093e68381ca92fc6bbe5583644e8559ea5dd11b73ea1142c3071afc0f18fdfa2e59fe2b102622afbc35f36374d09fff3b838960671a0b946d26e56e84bbe97ace752f6813b8a46b392771ce8ef00dcfaab2b8f397c1c9b867dec450fc335dbd86e7cbffd374347b369e3b89d96c4fb6f800039c7b32df50e3b009d1de0e3ec74bd40ad77db01e906ecbce3aeb1dc7bd7c3183442ada37edb235a91eaf626e89bf7dce3ece3b99251ce15b2924c00fd70a79df4f7b20bfb769eafe7cb8bb3c3e267f168f3b8e5cf2b6d0affe1fdf57eb63af0848525f0dde8f9b8b9cad670e5106b851f2de4e3554cb99305260bfcc616983ce8bfb1c1a7ea260b7c0d16e87fd09fa00f4e9f85e6604b9d73bed239e7daad7da963d1f082cfd73ae75c9bc2cdae74cef995a086ce3767393b679fb35bfb01702eb0ce863a5eda9ecbdbdbb16a9fa9d213b4ffca58abc1f6e4e5ac4ab6f224bb807903e57a26b2d204dbe9dc69bde525b8aef7cac3832ec07df4be792c63970c00b93de519af65ed064e3c00b01609b86434295aba564463c0d15ae81a9340439093d3ca6c5e9b3cba2b2c3425bb8e8a479829db23f88b422a6aaca0a368c8651e5c196f218cba2a8d9c627729dda274de47e5e18d36b29116f1c17b9e69f20dc69526341fa026807aa48b3ee645720fc8a91a4f7caf2f34142e1d1d4682d2e68d02152dce285754c28ebb273b0ea0a38703102b96e04f11a823304e81caafd0ef3d7b3c2123c794ca86b7165a7c023026f0c61b2c5ee5b47cbf2e2f9a7748974a94d34d1c19972d2ccbad099defb50c32fc2e15f196cabca246d98e88c1a913ebda6091e7710021880a9c39d854e9a0946478235e7a5408dd0b5094eda5f4aa82d0d542a358ddc823adbb3df05ac6e415d5a455c8205905ed430f4617c046ee13853c20e13bce5276803a2b6938477da173d5f1a26f6bf3396f3c17bbc32f04dab7d41cabe715d218d5ed3bfae8bad7e620a3067c2fe8a27378eac491a1178a03d0f53ebafe18f869d47e7db3dd9ea93fceb5b1e70ffa0ee89cf4c55cebdc754efafc76be59deaa5cf5de93cd56052b4400f6efd34f163a15982c3059e037b7c0e441ffcd4d3e553859e0b7b7c0433fcefc703fe5c75be79c6b3eb15aea9cf39526951b794c98849c69e2b1d139e7979aa85e6a9ac8923e7bd0259d73ced9c53d01ba013965f8e03de7136b34157991973a80fea94f4ca4138ce7f273c0b94eb06bcbd3ed0d172dc2a403d4f5094f3a00bd8b679ef913e01b2c2538f7a41d702425023ca14f376a2aca604157238988fb5e748519cd4c5283a41253259dd6cd1c9918d1288d525c19440591a895f50d0e55fd0e23e1bc93698466c993f943790332b303b45566e4154f30de68a4d3d3e83000b93d8fa43b3e0376811de459aee3a4ab1e74c8380d4f10a42074770859114c92f9e4fa0ac6ec13ca2739b3e18f7210063bd31f350e14c9b8a901ce4d13a8ebf3321ea0bbc0b8c61480d0205d61b7b43a802234c65df10b70cbc718754323ce63201d01a6b0af4f19a63b5f7125ecc10d7ab6c7b468ac7bda65227dfa1e3688bb381c49bb296e3b336620d9b6114716699bd7f44efa511a3eda17e55505ba5392c28e7765dd28d4104fe94e9412baf9bc74cb8bf2c2797a1884cd550200ae326c18878df7f4031f00b997b3ef675b9d9f8ee77c6770ce4ef0c319ea3e475d5e7680bcebf7c9e9e1da059ccff5aa35e3970ba8ee66a2ff517bc9b7be445ec6e507d93210e7a49fcb34bceec5a30d8176edecaedfcbf962a915640b7e37573a279d73d5d50b875bd9fcbd7e483fc84c98ec8b5c0c2bae0a2335dd270b4c16f8da2d3079d0bff61e9af49b2cf01916e0c7f831bff0f03c862f55e09cf385ce395f6af5de5ae79caf35c93e53f9734dcf08f1165cc98be3f7cc35a913489f7b89bbf4890de206400e28ef3f4f542535faa6035965346b92c59884eb6320a3799b77651730f7bbe50d7c073dc07680f28aaf34f9ae788506ecb5c41dcfb9781a38725d9176ddb267008607c6055e3aeb4c77f5ca477ca01ca7878ea2640c3ac5fcff44080b93fd2e246ea9904720206b55608844e8fcd0b5a7b578e9ee32c7e5a23cbc05a208eb1340ba00751f2a8ea7dca03c96061728e7082c4038a1017a865af1ea7401758780f502ed0db053be74087d231d56a1b9e81b177c61a3463161e01df14522ef01c564fc00c306c83926e98f1c2f01aa0308f2aa85df6926543ee38efc786522c65ba487b8017b3e1c0a590122893710aef801b0aed06353b2cb438c96418b71d2f24dc71656b5b5c91495f7126cc2519b3b36ca39d712546cb06a183578b1bd2d9e068e3479490836b55dcc71000020004944415497af681f9a1f739626559d98ec192f7ab4c445ad7395a984f2eb61199ab61df1e1533b75c657b31d00dddf7b0377c0ba3611110d701e803d8e6d0398d7e6719c9f6edbf6ca2b6e0fbdc6a65f4ed278d7a313f1c51845b5232b0cfa3f9067866773f300e3b74d0fa10fbcce858130cb5a5f274e38d1efe5ec5c16db68ac63e0bd9e52df6e670776775fcfb7fa02310cbed055fdf1c5047e21bd26319305260b7cdc029307fde3f69972270b7cb316a849d297fc61de6cb42dd1ed421bc31df4704fcbda63c93a5e02deb5c37bae0fe79f0ba80fe79c03ce0ba0f3e6242af1e9e35f524d89fe4aaf069486496c349cde8a1800050003c00170af01e6b95cbdbce311e6866fdd3be605d059c21ec01cc00e5f78d90d8094e779617ad6881728b2d5a4c6d8411eb34b8f27b9edc42e2050a36b68c7498b0f6c6e5eb430385b9cfa687b86c837a50b4303514b9ef250013033682702ff3bf044bc7d9c59fa420f3d9090ff293ce287a795771e805a3c06e178b601d39a7febc3fbb90700b7f394e6fd5da5fd3e6f47773eeff95256f4b1b71df9d002e8dbb35e60ddf586371d85432fc7b841417d5d991751d3758bd03438950e66c7e346a6ae6e3c785c304e1a08574f695cc638024c573c013669c6abc6182b386abcb1370263b285c8d82b4d489ecab1dd242ae105f6b278ec405cb45e0f3cc7f47b601b78ad720b691dfcd9bc6c9378900d2f613433f27c979c2e450d41ce50c2288350c722a178e43b0947fc8fb28a934b5e4a499d427767383fd2e6b3fc68136981b84180a26819edb62a6ecf201d9ab4d3ab020b3dd8609c61078e5d3310d798ab63d8e88738379d50c07cc9580c0f3aefa1fbf51985eef7b917b74b9bbca418ba6924023dc3930f06555dadbd65af2af3f2427edb581d26304e8fe9cd72c515e6c36b9f62b2521fc9c802e787c37bd9ef9d16a76db66bedb5da77ea2fb41d7dc55561a4a6fb6481c9025fbb05260ffad7de43937e93053ec302fc183359aaeb385df47be15eafbf2d7c8c6b648d0b2e74cef952e79c6b7fb8f999a61d1c2173a5d9c7a5d280f3ef542b1bc2e135d77b77311951989bc2f9fd73d42ad52a14e9f95e34b29991a95a770da9003806d209aee35834ce315fb573ccc7001d1054e01bf013002864a427bd4091f20a54854752ddac893b5347831ff48affa15d1f278306e414cf00a5a5a2339d1d25c7f7aebd921297655705493d454b76cdf5750d3544525a1804102a376e41830e8d7fc401d0a6414949a453ac43f3869cc65b65141a34934eb0bc2bd00c180768538741756eaa65400ee0893c960e1b98c3af0fa0dda01e80aef2bd879dfa2dcf7255a7f58836986ebd934e7bc8a735fe3f8422930bd9798e3ba15864665e12e1535fd365b5e15880c11c23003d659ae638c08fbc0080e54507dce1045c6df19803c263ec312e3d064da34c8cd71a97fd46856d6c3246abde7a50e0b11a7a0efac5580edd580e9f7a7a5077bc42e8de944d745aedd1072f76b2193c10d35ed803fa609f215eb428672b27c932294a84075aad2631587c70a0abaf0a61d7a7365a7371d295ef4c97085d919575461684c89771fdf4b3f44507c4ece452c7d3bdf76b0402f0de095e1891714a99fc945d2dcd32b39d650bb9d0e1a977dd59c0ed8bf1ad48e8136532a705a562aadee8cf28421301d9f284fb3d749a86f979ad2b37468545efa5cf0e3fe9d1d48ffa1b70395fae2e6677b3339d930e0fbc362f8cfa701d8741fdc4bdecfd09b6297bb2c06481afcc029307fd2beb90499dc9025fca0231493a2dad7ee98f7fbcfffc4fff30fbd77fbd9dbdb958cfee76b79a1b0b3c680a7ebbbd99e99cf3a5ce395feb9cf3739d737ea9d9079bdfbcd6b2cad79a8702cadfeaf3bda61102ea4e73de394bfa58eac7b23d262d5cc7d506f519dd8f1b48da344dd32224cd64994647585e6f80f95a7be47344da26c3e14c73408d407b2d5907ec8c3e017c004e0646f65c86373e3c9fd4a54af14ca20bf150e241ebd75889162835108632c860f2eef6888cab5257259d3021291564e879bfd0c6bc0750aec7d04725b3520550001e9401dc46bc6880db8a03448827787699cc4362a5d1abe20e4b6ef10c75c4fbe705a0230c8f77d48543ac8078ed7c5d6942d3141e00ecaa0bafe528240f1d32acfa9aae6eaff44a1b58ef6a4bb54379f9df7c902bdd455c4f6699855b74478d0da5738c0078173c80200d5026ce1269009ed0598168009e819ef46775001b8f198803fc0ccc01edd006305800be3ce906e7d4211eeaaf3074a19c7440d7cc378ff51a407a7b9090fa563bee856e34edcdb622398c10f6a12fa80b0622912232ba4aee88a8b221abca96e8a18eacca19f4715503ddd50dca58b475b15ce99ce2834ffcb934a064daa38d8d54924fc59aaef49bc62befaacfe7316ea35fc095d8241cb9583b6440e3b3559fb3c95c78e817ea6b3d8aca5a54149b317e55cae3b43497a2a5ab49cfff8601fd51bbf1a68725f5beb9221bfd6e9eebf584737dc7cfd557fa9d3c5c5c9d6d2e7637ef2ebefb77ffe1e6fae65a2f92edf60bbd4ca60de0b583dc6c7fbbbdd316adebfde19f7f78b4291fcdf8fcfb636ae164816fca029307fd9beaae49d9c9028fb3003fca4caa2a247e7c9da2fdf5af7f9b1dd617736dd2ce04700ee03868f7b7b3e56a7ea733cf75cef946e79c9feb9c73bce6eccefe56733500391f01f40320dd9e748502e8f69a0ba0e76c4f445da7aa8e9c67703f6e9cece32647c0045706d0ad8108a66d4a03b4f190afd780f3b5c07900f5cd3ac200e5e1312f4f7a0fce01385e32dc819fb6833613757db2726a3c69e91a2f6d529711c314c783e0342248d2a0061a9c933ddc184675d1d6b806df628dd4aa27a50c20b2af5b7535e00a10040c142dd3018ae1531e6012bae20378570d0009970b1e252c97361d037feaabfc2817b2067aea900f04a8c7f5e199a45e87a107e025f4515a00dd3a24ad74b2a75e8ab43075753e74f471e83b37524977324c4cb9b436818b39ed02991771e77b2c2227c66800b2189fac673628f64314c0b9fa8fa5e9ea4fe88401e001ed5a3aed63bc8e80380f8c9407bfbdef8c4ba50d0c534efb6e382fea3628a78ccb06cd7cc9d38378f322abffe4778c3cc6abbf7b9617ba0739743230cd214ae0b6c920e2b4e58c8ca1675ae25a5dc195f6548662d11980e7e22f5286ee393346ff204fc347dcf4836c2e82f5888a9ca6838226212997585d29cec9b2838c1c4f4891c3855c7f54873ceb3c70e1011260ddd92557ec212fca5126369e630339d912908f1c8d6505f1108a32d29171d43ef900c1c2a95e9f5ecfa23f8390a6f51f1e4ebba9ba61aa9d6c222ff95e9f834e33d9ebb3d06b62878bdd767b319faf2ff6ef7fbad139e9b3bbeddd6eb1d769a687c36eb93cdbbdda5cec7fbef639e98f361d8ad445a13e5df4299c2c3059e0ebb3c0e441fffafa64d268b2c017b1c0c77ec11ffa9166c9f49ed9ea763b5fe9113fd335a6d0ccc156b3c5eaf6fdb526159a4ccc0f5792ff469c00f23f28fc5e6940bade35f7c6702c71c783ce716a780ff0243cebebd8a64eebe6e975864c600d4e98d01a980016027800b6d7f28c07381748175007a46f0cd8f19ad77276c27ab73c97b2037c58320c6051ff0560a1e7aa3e854e502f717dbadee8276e31f55726336b02e6968ec684db44978e7ca7116826b7365822238a26a5afb3804e419f009dc118d5515fd559f108036c27f836084fc05ce037c3f25807600f608ccc02c806cbae43725526ea1bd75534eca1ffbc6d3bf001c8bbb41f1c24381f1e0c88037d289f21f53b3f752ffa715d4e6341caba9ee88f811ee9c8872dfa24ee5d37289a5903b1e375efb91036c8b11211f12b57fdcb86639cb1481c806b602ed015ef89cba6a219a8a96d06dc02f01e872c71a73c809d0dca4e806a9783ce3f8ddf165257f2d7f7e638ddd3039c33ee530ee5fd174c6a4b8e6b407e2737e4a96d5e8a1f792e8f0c3eea4f056e0332d470a73164f04508b1fe29e22b8348f81e3d632f33a6142d4c2a3b3aabc2a4d3e7a507f93c35e59f0afa7baa10208f5e7e06803cfdab0bfdb868638c192554115474a8766223c6a4574c29ee0a281bc5a9d1bca4e73a92adfec620d7bbbc0bd45b96b03d214be819ef1ee7d2c72be0ab7d28f4722e7ef76839209d8b6ee2f750af89cdd632d146f6e23712807eae73d22f64e9cb95767ad10eac72ad6ff47afa5c887c71b7129e7fffe15abbbf843911f694ab4645854f293bf14e16982cf0db5b60f2a0fff6369f6a9c2cf0c52cc08f6dcea12cb3d27df894ca74728ee66d02e6f29a1fb6b79a3b68c3764fb9341383a8e5ea3ae7fc42d378ce397fad49c55bd1fea849e19f540f9e7336c1019857c8e483f7e97a35957cde971bab892a2113562e42804a78013b6fb726c4de94c9005ddef2f2a027408f74007440ba970a8b77f09e539ef77b3b3043ddd49b6144073d522107758b693b298d1e061097669011288ce24eb75b47a3b555ace52b62163288f46163ea2085f26109a029baea1f7f12883750fe003067e9b80047bdfb5d21b4f649006110213af5389e75a289a228e35077f340b34ea7d20076318c803ae9a4475b4267bca341efc17a94c734f0c605cd94661b51467a39e95c911d761d935222283ae5fddfe410ef7ba455219cfdd875f7e5786aa0518ff0e27d667a3fc69cc19b41718cc705e04d7f3eca6b1d63517f6824301eff1d87358e45573974083e8527c0757d9f18fff180aaca941c1e0a846ef0c652facc432f7dd83c8dd6eb4f5f57a7785c3700578053f93ca0406f69e6ff6924a7c356518f59603b7191c70326776a9abcfa17f6e80b6a0b9de0f75840176752079ce2b07ed2137945143de4c1c0ff64a600ed55a6fb4f65284f1bf76c2c97c7a6f18e3ab2867208c90f22ab6fe1c90fa2e342c17837dd0f00946233444466533be5b2c8f30c307a7dfa87d3d0b43c8ddfc439ef9a7314db993a4cbf93073df89e5fe8fd978b0fdbedcd521db1982f6f3566175ab1a6d7d3f5dc5ca07d2e489fb29b4995fee445a1e32b7aeb983aa5270b4c16f81a2c3079d0bf865e9874982cf00b2c70fc2b7d9c7e8ae88d9eedeff4885e9304cdbef0a06bd6c64443b3b2835c4c821a1bd1b41bedc21e7431be552eef9dff597c78d3c31b300e9fad07bd263df76ccec415c3792e45a8b9b13e9e102b12a000701040dbe79c0b7c03c079efdc5ef3f49cdb93ae387905d059eeeeb2f52e7a028da82eb4caaaa3fb74b7428474a7c388b7e851231a40acd9fe287f9468f2863a8f64e7f45cf8272e87dc528e8292d82f2f37d005501480d664bf79a6136c7bb7f402de5a4a5ebba7fb1c6701758373422d03894ddb02bc03c66b133783f6943dd48f7a01771db638baea9f158eb0a5e1d1a7e99d6978a10f1f015bd206ee80dce103af2f99c7802ccd441d9dc5520704973e51903b7cbe3b122988fd2394564f087009df528003980681c903a823ca9f85e1630a69650a5c18e81a10b7b119e39e2f4314efc328573203cc538ffefc485e5f8fe329b3403fdfa7d127eb8fef9bf29a3ea143bc0ec27748793cec22e49dea5c824f3894c504a9bbec81ee81b8dc8a30b3e4d32ee405b5da26e6b25f0b639775927ceaa27f35043d4622270a400f1992ac285571957ec4357c4c87e68b005eb42992f2ea3b1de3109b49badae487455423410bede8be90979c23d6108a4cd755e136df41773aec449d518d846442ef4739ea36e997c4ab0622b7dd2993251aed1945681e9f02e8c4310a4bd6f1a003ce3732807e33397a8df7d0f7175a8972a173d26f548c275b7a58ce8f2f4343bda4a5eeeb188212f3cbaeb27b85bf4cda547ab2c064812f6d81c983fea52d3ac99b2cf01b58801fd59adc9c0a3f4b05093d6873f6dd9d8039335a1ce67a782ff954a1599a377ad3a4424ff9e5211741efa0cf01e5f2a037808eb73c96f085e7bce2214399cfe96a939bea1035ae1a5a93655b10ba2c89270ed0511e733cdff53e7981f335ef9ce33d07a0b70fe03c403ac75751ae8eb1c2935e72b12df578528f260d85a5a69d9ef08eafe0f1bdca6598a5c51eb3c310434b23368463892dc528e26a8288000c4c1de2220ce01610cbb494d929f401c416a06d9e710373e52710df6e0398efb4b3123c95deb2d312ef8337c0de7bda5587f75c88fad0cc75373d4bdf0aadb63bbcdaa11cb731ca4579936843ca0940840cda479dd12e3f84884add8744db65fb61fbb06398cdb55109ff2ddffc648acdbc849ded87b97d48809fb2be5a04627ca88d5a223497f358eece954124f2ee71ae3a09f1b61638361d008b3ee45529c7a1a53c97abf2111af81aa8032a3ff129904d5d7cdfe0478fae5cad3e81c6f7888dedfc3dd2d16f06e97a2e499efb4ae82830161a0b5c4b260f9adcbed4c92b04523ecdc37e0e15a5a561c3fc5e2a0f8b96175dc34004ea70318a46c472cc0cc517fa202fab109f80af17ee4b4388be946f218d2b6cae3cdb5e2172a813b6188f6a2f69daa0ef5ad4a0bc941781e465df58011a588d3443f1d36650e870b93a290548e78a7be4c35b574f2fda371a56b300e7348b342169962ef03ba90f9ef3d99932f0a0b3bc5d1f9d7a325fdca8277636af6e72b9eba501de32d1c0dcb2aaadc953f4f32e84d4550a567a0a270b4c16f8fd2d3079d07fff3e9834982cf05916e04795eba1307223bfff312e7a5fd6f9ba6d567a88bfbbd10c42b346cda7984e2b6452c167a589e946f5f93c574dec38dbfcadc2ef15e241e71df4daad1d9115aff2223db3ab8c4f2f10674645cbf90c81c89a7ae953400130c0f16911469c9dda0dccf1a2e7c670c720bd8e556b5e3f81117bffdc535969542d75d049dd579362eb472611ae63fea0b6ec642bee2a57e998de9714c98aff2a5ed3fb9447a04294d3aec5194fb0e2aca40110fc09e01aef65771ef31ea01b608b2f4340f8f1672b4f9fbde884192734a8177f79d801ec2e0b3837584e3da471e88392b496b4e28fb88acfe5e177bb1c499925bb0fb14f0a67bc64d4c4143858ad640553a8157674c1d2937a53a82536fb4739ea80d57289b81c3d1817d506d919e6748ef519b4a95cb8a9c7e0acb54114e2121a3a20216a48d55a1aa6e2731901467f6f08018fca3480265e9e6fbfde01c0160dbad300f3f4909b56e9080ba0fbfb479f4b16af1b2cb54668a1e7907896458afe76e3d25209320f5e58443bd00fdd90cb8734f4e0777b33155409e33f4cbca7cde61e9209e007a8c778a3c2e4cb7ea7ac7dafe488d7b6511d7b1f9306c2e70d24d5af18a291c0059f43dfe3864edef15d49eae372e82aa50b00bdea50c475b574d66d7a9c8f1e3520043916a71b547d9fa84b34ecb997cddc5658064652eda25413d1a8df6c84e65493fa66d16100742f71978d00e79c76c2de2e01d00fb31bf584de3fa7bb0f8aecb61a332b8df9c5cd7a43377fb1ab14abf08b099e044d16982cf08b2c3079d07f91f9a6c293057e1f0bf0635abffc151e6b02fd5357e361caa0b9e2d9faf5421bc8ca592b94a869ab6a613b77bce09abab2019c378673a83847ab759f391bc321b2893d9116e9b95cd10b3107cea9b85aae69a826a2dc65889ce01a5868f26e40c052f53c2acd61c67db45adbb15dde72c50dc8c56f6f3980449f00289a8ca7a790ba5491ebb265cbfa524ff3bb30b602f48c797131b4ac881cdf1b7f65502ee515a90bfbdcfb5c41a17eebc4cc136984263281575c6089742d392feff2388ca5ea0d90b3745d1e73780cc095b6c7dca01c704e3a3de902e606f584e26f32f0aabbee0a432f54b3c62d74e4a8d531e0014ebd79a26cb631c4dc6b7bf0970d86e21615036bf832291d6a88bfd3c0a9241080c1ad33427465d0ca586cf13056c593c5cdcf6d9cee53116ff796d5222aabb884e6b3809049dff6fa7830b6ea0625d187b2baf923000af8f57bee06bf1af7de7c4edf031eca187c07306fc7b5c1677a00e600ede2d1f784787c8786952bda1edb34e8f5008c875e45dfb35a85b12177c65220f3009f55cf3603daa527beec787f9bef3ed0341b9ccd6c2945285926609cf83bd0c94cc970e963862197a45281d2645733ab3e6c6cae901d65eb0ead69704f3717cbaa104c0b4baffa7e46ad700e72ccd425b37a7344fb3b3fba94dbc2c0833005a1f6a0735fb6da51b46f2c3c6191de681e3eb9b2ccefa103ceb52aedc0be2dfc9eea7c741edfe8d293203fd4d0721b6d07b3dbdfee5767676b5e473f5507259e7c7d31414fae792a305960b2c0c72c3079d03f669d296fb2c0576c819ac454385215e2895fde53646603ffe93ffdc7d9fff9bffd1f8b7ffb5ffdc3e66cb53adbedb7677a2ffa4cafbce9293fefc6c9733e9f6943b8d95f3471c363ced276261379949a413c73466a3d51b3a8dff875bf51a2c4ff0c0354c4925ee2808204090a0d0034d9e7fd719f6b6e601eef9503d4ed4107bcf3beb9c079bc733e0009030bbc7480ff9c6c8727acc0408e844242a38101641811a2375aa32272cc45350100603f51bea3c28794e37aa23c6595a304e90889774bd805826219bbe89ac4172867277680bb77640794117718601b4f7880eea037af393ce93927a48c79a9c7e5233450cf3abc695bd3d38abad50152eeb74d8deaae664cd36831851d12ad48d2096c5f598d3eb5747824c6e0c67dacbecdbe36b30bc18aed600498a9d76c78c6415d4830b108515cb2069ecc529d519fd22ea25b296bb49f25c4174dc87a229142ee496db533a67c85924a75f2b374b104aa573e2c043afa8bc5bd06ebd28910efb5bdcd7a64e877f8d919835720e4a51dc0b8ca2448f7f7b079b703a0f35d2a00eeef6581748d8bf89e251f5e78e72d662be515c01f95f12a16f8549625f2f9fda4dbacb7da587d18d6a7efe22154d8793064f1955908b157fb5ed22f368f6e44da15325bd2792517fbd1a5958e924e89d6a82d1252daeb01d891366a65815f7222bb64298c36a214f5c4271e9c602f8d6d2dcce67d76e7f1bd13ebf01a4be81d55eb1eff5bcb8e541a9af76dc7e838bef08074bce8fcbeeae1f69c9f6279cd6d54f2f5392c95c4780cf9edabb3cdcd7677bd58fde54f8b9d8e60db9c5dce6e3ffc389bfdebcfb37ff8afff71f69fffd7ff4bc59e766163147aa6b67e9a3126eec9025f9105260ffa57d419932a93051e6b81fe47b57e5cfbb0cd708e04c2737cb1d6ee3ffff3ffab4577578b0f5a647d77f3af17abf5d9a5a65e7aa27f1000d7673e277cab7aff2276766c4f80eef7d101f1b59c1df1a7aa81feacae9a4cbbb1ba691665405ec0c04bcf99dc6ac2ee77c699e46ab26f700e106f9e7481f304eb2d4f6983806e992e72cb5bde2cac0e01c8789a6d008489056809c8cb89748590dbd57a2922dc01030649842adbd216181cadbcf969b7334d164e323503d71fba852ee8e17f0062c507af75c40b945708a86ef106ac01de41f73be5a29b4f5ef002eb2d049893af1039d00df6c5cbc38141beb4ca8705060f6e0634b5c43abb59d69dac4f5d8345b059b43dca304a643101dff0b3c68a8bcac3ec2e01a2e2430f380c8ec687cd01cff1df3a9abf2ab61071a71cd7ea38f2432eb2685e541801e958865c02063af599ea71062312ee5f213232636c1c33c2c1053db85b88ad93ec80953d4468abbe47e4c99f1e69953d0894d347b1d9190f72c483c71d90dc1e6651341e6a01b077da002d40b7fcc478c75989020837188fef6801f10a830f101ef963809e0fd1726f8858d9222bf3bd97cdd1833ee4ef008095cbdf03e9edf7d04d918ef48f719bda9a268af6868dca96ee46e49adfc6513972bb7292ed7c17c546e2cf7a88a4781431b5a58ba742f1da8e5e3910ef2c9155fcfe7e580f11e1559c87925bfeeef9a3f428ae3c1db5e7efb4be6fb43ff6974047e496e452e05984cdf4d91ad205d079079d3d5d0cce157a21868ca1eddacda311b35367f2986371abbf57ef578bf5f27c7fa327beebf9dded7bc176af4b98fd3ffffbff7df8fffee5afb33f7fff478979fc55ca55f8f89213e76481c902bfa605260ffaaf69dd49f664815fd102fd54e6a11f57781eca2bd5c85f6dee04cd2f16d71faef51afab98e7a99bdd69cf88d66066f24404bdae37d73b1e23dff833e007496b433b9c00bc084e3595fbd2d998862b79824475893d36152cf2495893f937a79e0ec890b603e00713ceae13df73be99ae4d7f277ca0478c8c92e75fa937dca8c56697b11a54c4ce66bf21c135ea7c4e689af1bd04dd4bbde92185f0e24c8fcd4a53a0ccb120c7645448fcb615707250a8054c8ec9b4939e9083539179af73bdf4cd495672fa843c5f1b4653c40b4d2bc2bce7276407bc68b0f5aa33b3fca47d90188938e3aa36ee2a16385d92adaad0f1777a2a244c294349839e2e6fc2e1dbd143206325cf44194e71eb6574cff01edbeb0fda8533a0952863ceb6d5daa8e0a9337cbbb2e57445d21bfea1fa4468c9e4711b3299ada64482a88699a282412a5eaaa32911ea706895546f92e5c7c1542f6c87336548039ab0518e8dac4d27d121b9b89139b306efdae33205169def166f7701529804efb0d18d5ef8c8502e5fe9e02d4019306ebf9dd354dc03cbfc3edbbedef32e03ebebf15f21daf574f2c4b7a3a4c704edc7d207d7910c455e3ac195b91defe836da1938a7cdd154d5e4b8a5b93876cb875435e942c62860aeac2b430c15757d9cb638d8c51c707173ce6a38d73bd52820db51923409cdde017da8c7cb1d0ceefd01dc6777547ff08f8ef38832dbfebaebbab23552a759e5358009ddf4e8e25e55d00ac4f9379d8cd2b658c723a4f79873bfde1faa023eb36fa9bb7daac38f78343d417b3735e85fabb8bd9df7ef869f6973ffe69f6dffcb7ffddec7ffa1fff7b8978dc85cd9fb19d1f6784896bb2c0576881c983fe1576caa4d26481630bd48f68d18fd345e787f673ae1faf7f9a2d2f379a102c75d34635f385ce38df03c4bf97cc3fa8be5ad65eef9f13b2c4bd07e89f5bfde7a8fcbb95f18454b5d7c4d48dd624b596b397e7bb76670f801e5eb658b65ecbd715e6d27696bd2ff1a2b789bf00bd80fb4234008327f69a92792645cb730078322e05ecb9ee26b6a389340a92c72cbd0a22232f932b4128364ffec50b44629258cba963fe08130a440057fc0fa04455e58d76c8f2637bca04bc9569809c13f200e605d001e011efc17603e5cae37d7236d6ba9f4f39e8117aa776f1b774579fc186d284d6cb3ab915d6cfcd82e666b9311187d0ae3edeacd1722b82c5e3ca9803cadac80dd830967c29b4ed9d2c5a64c53df5421790976cebfe711f414bde2aaf30444b2ab2ab1eb35176b8c202ae3d88c8375e501239ee73dda9c679b45b89c88e78244deba24ed7add15b247248a28fcd9cf29d9319a8621dd406dc8b3e7b4a002fcef5d6d1605efaae36e9af987a1e25a3cdc8a5dd9403243a0c20bdc36b8e6f92b0f213947b050c0fc9d2b35ec56699750000200049444154207ef09ec72a17c622df5f8f3faf7ca18ceaf1f7567f51294f5afa6991b8ea39f12cd30da7b5e81ca1fb576da747cacea432d7ed71a26ee2656506fcee19ff5150540219ebc80ddb3adba53a694efb86bd75d5782144ff76858270b8a6e2c37ef6b68b3796b80ba4abad5e41e0071592832c7d58f2bee0fb2cdbd5651da560566f721f2fbe671062763e00713ce809ce79c8ad3d5f663e828db9396976119477fdf0417f387f16af4e59db2f3f6c777a259d2e12d76633fbb0bd9bbd79f57676f3fac3ec7ffe5ffe870302639f04453e71a1085785919aee9305260bfcde16983ce8bf770f4cf54f1678a4058e272ba41ffa5125ef63f9c755cecf16b3b38d66a3db3b7669bfd494ee8de64a7f50057fd294891dda59da8ed79ca7fdf561531be2cfd6838e7db12337dbba0ccec44814df15e75f2c618dc979016dc2c1337eb4bc7db4cc7de02b400f1018bc79e15b8d1a51482a5927f58ec2f1b436f2eb0ed6b1a2d98661120f4735a8b887d0f0cd4049b56668bc763489c636d46fe04b9e3e06dec4fd2e393401e20692c90f0f377c06db95a7097b7bc79cf8894fbfeb7ae40b9467b900e678c9037cf70f009ae73c75c470d6d9baa70ddd96b0ed901744d20f5dcee196e68c7e12c1e3845255961c31f19f71c347e0c5ffe0353f74ca5438940e49d83575f7126f6c6b91ee0778b84214928987ec4841d0472a15fe56ca78d0f4cc6e4c64fa8a42dc9d9763228064004369e55c4c955538dddf4c87ed882192437937c036a7adca557df0509065ec6ca3a553a2e58115f8053faa8d7c07c39e91363745c3180ec9f7927540738267bf96221e87a693a7eff23d0f3a1ef37c98b6dafaa15a8cc195c1e68af7d0bd0a06e0bf77f9bd7ca1f59d461fe1f47601566b5cd924d6b365670463aa11619ae34c863116693cd507661419f9e447718ce1ff95ad44f45d08b624f18a893b36d127003ab448075dab1318bbb2d35c7fabf80e2ef501746393f09ecb736e2f3a609db2d93f84e24122173aeafc6f894f8afb3df40cbd83ef19dd1905f50e3a4dac3480fd4ca6e79c740cc6d2f70fb2c4cfdac5fd5c5ff4b5acce0f83bef9cad7f8dd1f7607c6f3dddd6176bbd51f82d71a9f2af4d8eb99daf7b1cd9ff8260b7cb516983ce85f6dd74c8a4d1688391953167e444f850fd908de9cea3cc432a20bbcb09a79b93eac36fbfdeda52603af35399007dde0fcdf88990f001d30ce24a20f798dbd9b762af54c2edb5d8689490c33a6b0ab43dd3c51659ea4892a9fa5c1422e7dc523eec97a86b594bd807917b2e47df0cca5c72d810293fb9a28a30075c70570c9982235b7454beb9d8c9e6c8b50ef1643767e4a19822c900c31a9efb81d45500a50948975ff89cd9fc20b6eef341eedb6843de91d286722df40bae231b907b4c7a66e017e34e197e7bc3ce95eea2edeca6be52d17cf78d45320ddfae50300e26e3d41c47c37009455926cbbf6ed32af33079e320379be5a616a087053590e012823027da2bee51f79801da5b94863e8ea53684d3c36cf77af693b5fbdd83d1ca6a106cb50525210c85d57ca449885a7d413e9a8bb93e7f26284643b16ecabd042224f3cd8cfac2ec7cd5619ca5a46cb6c91d0486515a1757145a2d943ed4436a08e43ddd878ac7d4744872fe44469735340dcf0193003ce0dc0653fbe6bfeee0630b7c73bf31c172f65e08f076ef15a0abbbeafb5c458ab8eb5899c4201f4d52e36a06305cc5e9bc6791ca95c6964bbb821288d4a562c8368179a0e57e4c78390a2a69514646eda35f2c96d74c5075bc46b027ede210ef78812842e81d17d55887a21a9de9f8f71157664f13569bce19c25cf7175ecaecfa9091ecf5be531c62502bef651dd29d6353314fc8a8b52a54d2ae276a476e62dfa371c6250064479d08903d6f95d6587761db7e673d2d5ecc37bd906cff98fea7f8e375d6b693be5342cf56b83ed2d6677589c89bcdeccde9f457f89e75157cf5d767e54c18969b2c064815fd5029307fd5735ef247cb2c02fb7003f9a5ca7c2fec735b83eefbebc6465dd6aa19d90379af5ca83aee5eb732d6d3f7843b8bf97d47fab8f003afe1f6f08c724a1ff30c97846177323b5345be430134ca1fb8926135780d502c78626a93aacd61e3a83f304e100f0f6def96aad389e38edd69ef9ab35a05e201d10901f4f7cbb492dca943e65e8c0388231d29515ade477184d29b42543390a8221432714f775243c0555d9a8270157561093fa100be81881f304c4bd071baf79bd3bdec035405bbc956ebbae17586793b70e8c8fe383f71d7a01f51130975e0648e571765bc3106e5b6b3bb4bc14a56db499b25cc7a169bdfdb057105bc4658c8422d326459e014b8c21332ba300a20691a49247ce10922a9dd05b8f214c11bbe38c411e4cc015d750d6635544c276394e7f8a4611bebd555491e01521f9c8abd2e811d700a6d089f6d643a070e9a353f056994a0f9591efd203a9a437b058b511a616926bc9ae53e452a963212a05465994f7f74adf31beb37ef8d5be733c640bb03e2c6b1fbe8f5ee2aefca53ce7abadc038a72de4f85db327823eab150f877820c78322f593c71d6af0a79276caabae907ec3b47e0021dd03fcd21b6458f3883b8a9d6962dc2145db4386594c0c23a85a7310a428f38f4a2bb356d2d842353642445680ad901525e95b6cc6f71c1bfae108b63bfaae7be50f743ce7e2dfeabd74db5c21809278d30b3db0931e38ed18fbecd8df1e1850775cc51f9a14f59b0e0b945708386738e8e38d5701eca4039cb352ed303f571ff0607ca50ee51574bf9c4eff61532d7977a8df71b13cfeaa7132eafac7179f38270b4c16f8952c3079d07f25c34e62270b7c090bf43f9ec793939ab43caa9e83767a9debebaedf72fde3c75d3351cf9398202cde5efd9be58fefb66f74e8b936859b6b73b8d9779a39b16b3b47abf10e3ade737d5c2bb7fa507d1f27fd2c2ecd7974f99677198ac925134985f65e68026a40cd643fbd6b0d980b701728af33ce1b202f605ea13c4ff6a0274028f954ec6e0a3546766d137106893ab4dd1545f75a161c123c8d93accc34b76e963b164e2a641713a1ca47158a014248d7273cd6f6800924b294dcef9227681ede0def80b83de4a4c700bcde31f739e623601e7c911f720a90f761e80538a20d0192bc1cdc6dca06d85631f8c3bed14eb73ba2d9d6e02f5059e1c09dcc04cd36f105a37efa10327289573f46dfe6b8e1618e3db5c3aa09c4c1e32bc32a8b40031a5540bbcbd6b16a205036f9513ec6682fafe4561f233e74edc36883cb8516a1fbd048c5ac887581256c53e3815063021df5097d0d45e1b444eab461c64f939c77eae652e8ea7ab36c3186c84a65a688fe9f998dc7126c37beb73a5d5adf5f79b9f59dc6036c800e0865633379c2c71bbee96112df7179c5f7f294c7b85e3bdcefd6470f92e44537608f074778d2e9af00f0929b7f37f85b429c27245e2a2ea563a468eca8bd3182681af4b21e695dc784d699ca3b6e7691e80fcae96a40b8c6189d92f1e0887b90281415f2e3c10a0ec6d25c6d72a8387f0fed45178dcbe554e43874a66ea8c8d888f17198adf2fbba2547fd924da0b6d61eca8616c4bed98b267045c70fadab26f3340723b2b49d7d5e5eab805e393bb0aa8dcd5bafc588a75d5d71d0738df94edda1c50bcb9dc6ed6e7960d7bd663e453f7e9532157e9c7bca9d2c3059e0b7b2c0e441ffad2c3dd53359e0332d50bfda1596984a3fe687f58ffffeef673fbcbb5bbcb9dcaceeb6b76be1c1cdfeb05cdfde7d585d2caf368bcd6c73b1debcdddedcfd45b3863f6932f0074dbcd8088e9dda754e2b4feed9c066743da6ea5181af3d3134c890c8ea7a82a969e130116522cfc45e614eb4bd6456468d1dd80398b3f4d5c01cefb9cf35c7638ee71c0f1b4bda15fa93efb50a2894379e59a83518141a99aefa7e200e8c432c26b3c163818a924b5b8692c872328596ec9a18338166be47c827367c4b800810d384dc2039c37a0fbcf76a3b1fc0ae0fcbd847a13deb49afa5ec7d9865bce19be22c758f3aa8373cf0a183f4930ea527fa87eac4d40227a2dd4cff0d809451ededad35a2f6c672f128e17b9389050344c112fd480f8aee7122e90031c90aef6c8d8318330b8d8be6b5151f55063f5a39a17484d53eb7d9f608fb57db292c4ef35b8641a068a6931397ada2460425ad9041f184a4e21155f9ae1ffb01c43c1e204a07c5e3ddf8d0677830a33eea5e75a08a2623ed47007d7c37216e30d0fe604280d3436bd051a9f4baa7d84ec010a58ce19f65200a7da3a5e81547b68943719fb9aefe63b7713679f34674a2d703aaf600420fac620c46db7702e4b499a5ef156e01ec1ad72c8bf7ab307e30c3df92234f3efd947d585a573b31c1e8aa74d98572c48bde33bbbd5d460a1bc984272f386b44170f210ffec236f48198d476f4059c1760a7645d61d968137d58e310bab549e121334ac25375a0523c542092f9297ca8a56afba642375f1a5758cd01a0f3da185e75f67879ad0c1e90ff2c5bdc24fb5af6c1bb7ea3f04e5d703bdf1d6e351e6fb54403f05e1bcf293abeaa92aab472a143abfca24fe16481c902bf8f05260ffaef63f7a9d6c9028fb240ffa3593f9e7df8282162fa97fff257c1ec578bc372b59173e862bfdd5f686b998bf5e2e2fc76bbbb38db5c5d6c6fafdfcef78bbf13eafc93e647ece0aea7f707ce4367a20038e789ffb3bdfa090b73c69c3e32a7d4151e22bc5c6d19ba8054812a6801ced9084e4bd80b9c1730779880dce03c41797acebd599526ec9ebc4685f7ec5cfa7902a55b01ace359958167a86cbd91098f27c48a577b5caed552232d27689a097a82ec1971c60d6402a0f760a46dd026c0d683f25a8eee65ed09ace3fc7200dbf0415681769737b0017827b05318f992af38c0d000bd7b38800cf42dc0a484279ad0b83288c6c9166ead6d28bb8068001d0ac3c671a79c63dcc482b7d372aa1c648ca93497ed1c317b13ed8dd5b868a178d9f4cfef30333eb444da2b2c6a8c00d295efb1a0ba00d7888f90747ca8822add3fb413a532acf6a2b8f9c5d7cba1ac08027148c8866568fd7bb23842b623ba45dae054fde01513f40775d32706a9f49bfa295f4de05d6456497845c49e7800d8e3fef278721bc2fb1a368d3ea45e74b3ca247ca1bbf4d1276247a96a5ae53a0d779429f9f653cafde84b7a631b34b03718a2b2689f778a678ce9219a15e1102c6546db0b9c0f637ab915405fc5bbd8f1302e1ec8d4490d7ea5c17f4b624c18a4f3b720c78b57e7780cf077a7c6018da84f46a58654f6388c2642509e6e4e132dc3c1d85d43724cef584a54923abe14ae77a2f4bd88ef9d8f6494508f2397e8f8492b09a5a869c1ec8abeaf852e1927f5fdf6b8c0d6b6b8257fe3b732c171338aceef2cbfb72c67e79414bce8ef65588173d616e808b6c38cf7d17f9445aec9932bfd5aa67faf6fc9ec6ce1c1c930c6c4f7aeaaa4cf80b1e81592dfd37bfe293e5960b2c0af6f81c983feebdb78aa61b2c02fb240ff2bdbff78f6423ff943aa824bf694b9bbdde8e02e40b7f67a9dbf96e7e8952680afb7efdfeb29fdfcad66ee7fd4aff21fc5febd7eb1df2814afdf7b7bd6e03c6c195664e2caf4d613cd2e1e93e600e52c4b3638678932136d03af9884c7fbe601be00eb2bc0587acd6bb2eee5ec944950c66eefb1741e4d54695d35b956ba8d03475aaacba842846e8127ef9e883371769b22afe7245ed0d4f436216652cc445921004cf17b402c81b641b8c05a780b07a072bc843d0078e403ca9c3e190690b3b79cba01ed090a432774496094fa9657d3a09236a5ed326838054362132c88a5c91f40ba2dd06e8d0f461b320a1bd34372e141160519375e61610f29803b417a3f467434d20680ce47f1f566edb4c7c3422f9ad8eb9dc08cf292696f7854e0b6a1bf01223ab891016260a161e8116a738f7485d1e6a43b37f3114a3b2d937621bbc4233f3e06d409c8231efde5951109caefee00e677de306c0805d2b33f1b0053daba4217aca04e80468c49ea0b054b2d370a35f5c9ac6420801263bd241495f0d455e3a4e5a107b6a3dd029fe535c7fed17e367e53dee8136371b9649cca53aebe26e47bce180798f39069b964e7f70e88d3b7998ebf09f577258079acd4899535b15a8771101f1e2ad55531c68d2fcca0abe8917aea5da57b01d4cb3f19c65e7442c7d5531e17d844713aaa5da988cb45f9100a4ff18d43ca2ff476b5bfef6a8fc74b7ed72d0dc3e745c92155d46f3ea459fcdee24507a0b38a8ddddcf18a43d703f3c3951afe83e2ef64460175ad6ed38fb9ba8363d9e0c38bfee8ab7a8002d8b3b7eb33b4efa3ed32314e16f83d2d3079d07f4feb4f754f1678c002fd8f64ffe359eca76895f7403817be5aee16ebb3d9f6f66a3e5bb17c5d5ef2c51fe67bde359fbf15567c2bd8f39d647fa7a9d777820702ed072db19bf324ffd902f4010cc4c42426a14c44f3a3c6130fef165e4e26d12c510f600e50f7b16a326000f100e5de04cee03cd39a881f03742f77d5243d3c6a352d8ad0f3d09aec6a40584fcf969820a3943efd9569f4f77fd294a71dfc2b59c9672604695657b35c494ee09100b840b94340089ed30021000f400761fbb4a5e90267d09b2775e089a5cfb54c3de5a567153900f0dd0e3da21e1e0a30493730d744fd54184babc90bfddda06a16b4de4e8abbd984650bcc401c464cc68dcb7107ba850d0de81aaf22080b56dffda085d7150a8829f40663a41923da69f94ca0fcec4cc05cf18dc2b3b3331d670c60df3400e731a13ae33d68ea06b0a3904682db49bb5437ffe91fabc12d94f6f825551e58bec22e5ead5342856b5c1455c46a9223c8759babce04e6bb0ae93bfa9a0734eaffad3ce677b7b73af6e96e764b28907e77271b28cdc30aaf86d0321e032f1ebc084f5077d5efb6794c52310dc8fa518c2b69446901578479377f125384cb98336e88a0919da8888bd6ecb5d08303fc95d265aee5ed0d988641541c9b4b86c6663ca4608cab8fb1057dadb16f804edc7ddffdcd289ac205efa76bbc840c7642d799eeea33ef4da0fa977288b2d4de5b72b2cc9ed6c67fe944437c8b7e345de3c33a87a9cc84cebada3d22a6ddbf85bc149b75152dfb29e5e3a665fcc478447e8e27f408e5e0b00a1e8f454f71d6c8f1d22c428a627bfe1e507ea693bd59ad12c5b04768fdd16604cbb778a799b5ccbd3ce834d5e05cb6d6867102e8f1dbac8de3bce3bbb614d0fab7c5e276bf58e3690f537d46ebab608588a0f23efd1962a7229305260b3cd1029307fd89069bd8270bfc5616a8c9c7c77e1cc9fb587ee9aa85ed9a1cafe402da6df49cfd521e0f01f4055ef23feb1055bd73beff93a69bda106e7125797a3a7fb8d25c90a7f402e87efffc5902f49a7484275429084c04897a42288bd89b490830e703206702cd92f59c7c2b047cdb7bde962e03b81ef09eb3cc5d723c093740cfc92715d3a1564411ff3721c8ca69d91d5bcd9e2cc5cd70035a1b105b3c5d84468eeba03ecd7e63b9728162858010d301cf7c864ddb02a447da004dc0a45fda5c7183f804f0e1110f6037f2c0663d555f1f8e80397a1ab4a32f7a66884d6ca00a810c71d1aeb28f29d8a4bbc8c71e3c08b18d32bf80866d8811a15b68490ec664b7cdc3f399de51c649ad9450bf6f04cecfcfcff439cff8f9ec4ce9cd2640ba1fe200f0352efc618c65bc74a166fa8386872aa18b0112ad44cd02e684b42888e42a95e9132179b685c50718223d7abfdc630040da3fa4d11850df1730079caff45db8bdbdd138678508ed51ed8c01f1cd139cfb8c3439fe6881fe4065bb0cfd44c1a59e6d8c9686f630bb43b24f49ea934dcbac00aa598cdcd1651150887457ab4dd8d0a05cf5c431760a759e1bedd8e901c352601c30cdc671b5a15cacaae16fc3f07761ebb868daf9bda7f3b086b45f79e8f8f1c2f377818de508510fb4e6bf47d205f0ed274b1946b7bac3dd6e69e87fd8c29e6d24c054ed24ec925dd34f469116ff2324c188420fd65a37b18ea8ff00efaa8f072f2ea738e9856c166de061075983bca858695ddc5908c0df95a03004548f3e1ef3a646ade457fd947d26974da0b6e041d7fe2fcd734e9a77d2af6402fd36cf2f644fbd8b6e73ea79d9e146dfbd9f65dd2ffa3a5ad9b742d53f5d9305260bfc0616983ce8bf8191a72a260b3cd502fc18d6e484b2c7e992074fcf57f47be14a5ff53de7802dcf34e7bdd26c094ff91f35edf98ba65a7f2f217fa79f7936a2d129aaf333fde6333150e88d6a98183c3b807eda6e9e36ca1c119e02e735c9f6866f9e5803c00284d59276bce7f51e7a2d71c75b5ec01eaf28a02bbca4396165d64a4f2bd0a4cb97a7bf19278b349a991e2c6d00586395b5ee4c8aeb5fcc869daa2225b2645618402c00b9c1b10173a4c3e359a02cde2b067c97a71ccfe956cb9a0ddabcb439dec1358ff80cd0f12eead340b9401a4b9d01fd06e00e63221ec05b2d6572de79ce6d056c019d8f1a45a85bd8cc61d81240401e615cc1433cd99d07353886183c01281ceb64846c1728f6144b3505cefd300700262056e303c05a1e7383f4b3f3d9c5e585013a801d4ffa4a5e741efcc41849a0a7b1c2b803b05b53d5e3362b1521b640cfd4d991615c453b3422a4a0ffa97cc51589b6db4612c2fbf812367ca88331a07ea11f3426e8ebf63006902eef38e380f0f6ee76767373139f0f1fbc6ac07a573d5a7d8b055989eb2ad1b5ab4fd054ff686719d72d8645e5b291a13152f27f8590427fb314bbc8a72eb73106bfb2d18abbfe8582a6f46300020f3ee863767ac7633e3c48c9072a7ef0a67e535ff5ab2800db0d903326f4e086bf093b1ddbe6877d06ecf177c4e7a797e7dc5a855ea1236057de7d6c142a87ded8974ff25700c56630a017550ccd96699f87cc843c2e4b2dd9195a2e60fcff67efdd9ae4c8912ccdf0f088e0359955593d17e96999e9dd795a9115d9ffff37f6691f566477defaa1a5a6b2322b49c6cde77ce7a8c2601e4e3258c5ca62300d116600140a5585026ea66a80c18c91de82300f350cac02f0a0938df892a60a322c7c3b5310d76dcac1e59a0164a913c60deb38d0277da629f30c3a3f86de30eebd54f99d7ea3af15b3d45db790f33b215c4bc9bfbc3b9cfd79cfc7e85723e36fd305c26c61d3c0a6815f5f03db0cfaafaff38de3a6814769a00d915337c88f959d227e71c92d9ced7cfc3e39df396789fb0fb276fea3ac9e7f16fcbfc8b4c269bf90d1ca0dbe63d21c1809df4c58e9b495a9d601b7512aebc786f78831be33a3c577cebd215ccd8c3a6d079d8dbf9831c73967c7f6e4ed9c912f67ad0d7a1bd3353b2f36cd5d718c5ee610b146d537fe234b20b70e98c00a3ab5310cbd3eaa6854996b3bdd3c6431f78cf570a071d07dc81921c609e3d02ce80d4e370efa671ceda40ffae5a02f9bbe49867206dd4e6443ae3adc8812da910094113aef4c3923a641d98cd388d657cad01560454eb0f4bdb46a68c6c40403d1ebe3c361761cc1751fabbffd3007c7cb4efa6596b67b797b66d05fbe782107fde5d98b17cf35a3fec233eb979a49ef19f7e1d0152de842bf9b30dae5f65928977b6cd50c3a7590dcb3d7b48a596c202a27b86da2e87cd1e1a1094ca0dfeff627e6610afd9f8731bc5bce38e0c10cb01b39e7d7efaf33fe91b9e48518b39f5ef5503cc317673a7c78078765cd8c7ee4f3499b90a966f24a7599fbca9d561055083d2a269886923d061afee1385a353e7d8bbcd0d509561688718544829deb61c54e8e72fa44d7879a5d279fd53171defbc14a3f70b9d0e6716c2277717997efa86ba7f7fe7efa9eefa8eb3bd6177e208508ed6ba113e9418278650439751f33cdd61670fe5c8eecc8ab53048710000792bd5c5f551c32d39e749f4d5719eb153e8397d255d171d1680e8c191e3cdaa156a53b7df58b31778f7e90afc6dfc24729572e42336d8a5496efa46bec4b2f2c773f0e73cd96e318e789e5f971f6ab65c434ba8edd5b8d4c6d1cb7bb92aeefa593f752199bc5fd787e71f1ece65cdbccd0455f28a04f887d237afd425ad9c86c1af8fb6b609b41fffbeb78e3b069e0b335d037c5ae787cb73dce37ded9bdf692d137d31cece12925bbe6cdabffb4fbf1fa2f7b999597b2389fc9e8d1f238bdc7a6efaaea66ffbd6ec1bf174dc576c4213f1de6e693e93ef1d383860090c2896c402ae50d993c5396996e1bdde5246546b4674533e3e599731c721c7539e9993165496b66c9fa1d75e8c4a06f43555c2d10c66be4c0e5b04092c90e188381e3281456571fb2b7411d82aa64faa9dc64307a210afd71c8f81d1b77c9096b871c43db1b369573ee65cc9fe194c77163063db3e8b3333e1c75f1b01c764c2a4da3f94758ffebf481b02ae9f6ce3108adb0a2d1c54dd27a238313a1428f05a7c91b601224fd8d79842aa29d725dfab85648d841d7b8c9439c8c191ee2b0415cde43c7517f76f642ce3933e9bdec7dcfe6827ee88393aff1c4d8c3d1c7a9f6d152af63b76996d9cd91fcfcb90d484cbadae7f2ccb4bb2d10b032352ebcba9cf1c1727afa44316341e3c0ef98e39c5fe3a027763f5fc7298748afc0f0039d72eaefb4cc9b71459fb2333a4e2eba6237707e73f2362c9f5b257e7e975a908814b9c9b89d204d6d721d9f82e771832e049334d5ae05eb6329f3ab3a5db729e9fa69a75d0d700c1f96c0fb536cb44dfd7f90e38eaeb2545ddf54674c689ef34e0ff7d01fd710efc5a0efa9f7432bc3e5ac1f78682547ddab4614cf81e63af85df47a6e8aa3ae7cbf77bee05767a631030c0dc66f9cf402979ed264da1346fd1b40896eff14af082a931a89cd5234d045826856cab1bb83b1d59a6e2115170211e5fe53ec6b53e7d133f49c2fc215b9de1af4d47234a10f144853e783d97475fe411bc11d7e521ffd283d7da7dfd12b7d11fde5cb0b2dc5c98c3b8367ae37a755f4b88020848e93dbce9b06360dfcbd35b0cda0ffbd35bcd1df34f0576a80bb29e1d48df14365fff4bffff3d99f7ebadfbd797e79f6f3f55b6ddafe931cc6e7bbdfbd7ab97f7975b57ffffe46a621efa81d3443bebb909dc6f2758e2bddcacbb36f967016c637124e3524309df5ef9db2d5d62c5166c6314b52bd54d9b3e63858d3467076a0e28c8f5dda71cedba1f292563ebf8693b538fa7194e01cbe9850b687bb5355320c5315f2879d35152b4f88cb4065eab7010d59d35685759d8586e963f496b3e458693b60c47222da416fe71c0722b3e7cbacb967d0818f25ce2a63a9fb09079e25d1d0e8870059322d5e18d9258792692909858a9c769b1ee8a11a499bd78dad3a5374a27cd69b9d11a133c3676d32d367dd124f4eac49e270c801a9997a40ae25fcecb8ae529cb2ee778f056654190b358e58eece6cba66ccfb9df4177e2f9d65ee975efe1cc73c0e3a0e3b63d19d6d19705cab5144eef748e2767102fc20069536a59cf13ef04c47dc40e4da000020004944415474dd1115ab90bc272fd54f8c071e325ccb39bfb8d07be6373c4cb8f618609c231f7d9cf1727b76e999f51b3f6860c9773e23c74668fcc6248766cdad73c4e098fa0939471b11921071a7a400fc577b28f0b80136689da0630a1f3a8d8a0f10a06956353819bb06a0238d93fe6d25d618509fb3243d0fe7e268b24a8415099e39773abf3d7e7f1c173af2fb90c30e5dc3f33bf1433fc693607ee7bdc6581e0c304e97be4578ea0fd548f6459fe02d39ebddaa5cea5ba7059bf5be524ae9a16168ceda739f4435f435bae11bf3043e04e6dffd5497beee7e249dfeac58f8d1a7ab8b56c66660dd0690c25b941c947dca816670cccd50933560766757023e931ae48c1f5ee82efdf2ee7078fdfcf2e2f5cdfb9fbe7bf32fff7afdf6faed7e7fa9750b1707ad5dd04b447afaf5fefafa6eb7bbbabfffb73fae9ffc7c444b303f16e223e85bd1a6814d035f4803db0cfa1752e44666d3c0afa98136408e79fef9e73fef76fbef745c9dbd7c76797ef1ddebb3777fb99179f8627f7bf3cbfefca0f7d0b531b06eba7bdddc9982a9c36b29956ecac7f131a7a79f5fb550cac020b4112d4312c3378e75c5e4e59cdbf99e66c8e799732f63ae65ef3d733a96b7da488ff18cb50c6ff32feb074393902806791b9f86eb047eb080280800a595119d129d8b30791125571ccc03831f3b8f77bf3d3b5ab1f3e588f76eebc070b67ce0789703bebc831c87dc0e99ca1bdedfbf0e7e39e7d3a7d2685f3be7c496d342465244ef30435a0f8ebb80b80bba52c552f75007496b8d44f583f5e882e8127d8ea39df442b2aea5497f66ca32afd9ba9eeac419ebb81fcee4410de3aa5758f4a682eda87b3777de43af19f42c8daf873ee5a07b297a1a923eb50eda4971035727c68875e3962fed4e5b508331267dccc443aaba678c999b1acf799885e395075b60339e6eefb443bd96bd5f6876fde202e75c4eaa9d73704bbff5b0a1f9479ee20d213a0ec6121ef79a36384b9942dad5ce67d7ab58d178766290ea5b4fa9fbf9674bb0542bb91e1295dfa3d500fa5519377a63bccc8ebb94a582fe7ddb11d7c670fc26f90df9e1d8882f05afdf0ebf512d8ddff3cebaf4cfc390bce39ef472add175061da33005ebd7c98694d4f5f46240833eea24d17a760e6afeef5c284d0f3f4acdbe9e95be2d09638c31526f4af1f93ae41d7853c79e92672af6b0b09e04ccc3bed6a5a4a10d33f222e8534a4d3d61b1d779eedb529fba820de2ae34d0e5a4ef5e08f64a63e5bbfdeee297dbf7bfe8b1d9617ffdee462bdef56d3fcdb6ebc1ceed772fbebff9e9c777cafbd7f0a85f4433eff82929729375d3c053d6c03683fe947b6f93fd37a181cfb9313ed32ffa9677f46ede9d6b66eafcbdf663da6b9bf6db77eff45aa39d7399499abcc256d25d1ddacb5dfa73383d2dd51fb78c7c1c82d89b3162e550e19ccbf06d270a23d269c7992d9f9dab4e27c6500efe5e1be6931e473b25932018a718a3b8568b4dd9c666626bb93a68e9a7c86e43d60da10d4a4cb4e78ceb89017166ee666720693b07ccd2b5735eb19d72a51397f3dd1b84cd31389e21c781279de5ec4e577d1c0dcf04228b97b2d3461e1410231cadad344907033b33e26eaa0770e9b00b03eb5ce946a3dd75ac269f96feaf02d7d3a9c742e26546b2c78b29aa8ee5a61df60425a71a31d7c549779e58879d598d093baa8c135660308bee239f5d7bcee7d6560efaf4da04af4b686cdad3a9e60deda043605664c614cd9acb25cc901154663509ddae25e6d240cd942f31d5f5a1658d131e5631b6f3202271de616719fce1ece652ceb9dac70388ccf80adf3a285d1ce9d9b221cc71583562c9b4ac916d92b39271ce95195eba92ca5a3dc73c1e956f4d4ebc54cf5aaa2247f403b3e55a152035a8ab749a9c737493cfa64516e441a7e7f5c0ecfe9ecf5967067dfc26fdbbe4b729071ebd6b193ce3c0d7161e9430963a5f7d6207bd743c5674541e9d795cbadde88884af208674b70f4837d9a5fc3ea9436b1513d52873925c1a5531e5c2146f4695be03a658f558a04d01b81d4a3ecbd66997950015d191e0e45ac23beebdc220d712cb5f64a93271684edf42ccc8d22b6b5efdc66671fa1cdbe1f5edfddd1bed99f04e4fe2ef2ecf77fb67fbabf7ba2a5d6b44bedf1faeaeaf7ff9e5a0cf39f2f4e8e18bfc1fd1ca37aac38fb4782bda34f08fd7c03683fe8fef834d82dfb006b8f1b5dd811a3adff1a35553156eee2f76f28776072d6bbf3b5ccb54940d7dc77cc5c1f69c6c2b3d799717aa291d99f1dce461af6396e2d15c9f0ce2ac4f0ccf6ab453b2f5d4fc38e738515ed22e43b767d17b13b8b18c1dc7aa8e4b66d5cb0969a7a59df2c017e705a3720ec9a9673cd986e1abfe2f8355b9a02aef94e1a931e8289bb660b0829e7252d4e97a4e97239ccf9bd58c9c0cff2c63c74907c60c5e3bd82c678f438e73ce92753be9c3f1eebceaa92e9bc6cdcebd718be69811c4d1d0411b4f1ddd644b6ee16949b563290c709c4b27dd76eb2485adeed657c7a0ba96105a6f4b0cac0e3f542927bb60836df58b7caff49b0afc9d6668ebe7d5ce791cd8e4e73463a4c7d005df3fd7c12c3a1bc4f1b9b5de64d03bffcb818fa31b27b784b6281e1dfa51cfe385020f17a063dc9442c9d316e1b43edc5e2a8d364ee5c6b5b65c0e3dfaf09a870ec60f1d25434fe4195397377ce3fd5ab3bd2c7f97dced38a21bea8dfa5484f91c0020af0e228782517782c197d0718881a082c93907675423f35707342ddad283b9e8647f959c12c8c1927d96603b4ddfe82aeb77c45527ef7df36e3af859c5c212795e8520bed34c3a0f04f9cdac0fbdbb2fc79cc39bcc717daae3429bca1d98b5a76f44334beab37a833ee24aef3d35a47342f7bb7544ded0c091798148c42a4b8ac28238eaf13590544abbf42f59462806d2889d747e333c1f66e9560d54cbe08758d61bba53a5aa174a5026a583221d8c33ae3372fb4d677c27bdfac6e4397d7b0155a20254a83d657676d0f5b093cfaf7d77d8ddbd7f2fc5e8219186d5c55b3d967fa741a06740d21d3bbe5f9c33838e76a3da47e807e42d6c1ad834f0eb6a609b41ff75f5bd71db34f04003c777c9e3fc830a13a071b95b1376972f64e05d9edf1cf4a55eec32dd92eff5245d16b10ebd77ce4d5df6a250e7c3757f0ba76168286107039d4979fce138b00997978fca98cdcc79660179e7b6971d0fc7aa9cf3de00cc9b790996f78c9719743b6bf4c414c861c3c690c5d0256d4fdde9c57cea1ea6b2d2d5d19138569ae537791cb5225ce8e4e354f52c531cf1d9519f97b0b753ee77c8eda0b37cbd1df438ec9915c741cf8cbb9d7119ca1d2f337f35636ec73fe9cc984726e472fb69bce554f3487072022080d3a1511e94aac065ee57953a1f5d9129152a49baf320757e89dbd10e9ea9865dc9de6d702c61c1eb25dcc32117ac678ffdf087e5c95ea29c31955dffaf3c73cebbe857577c1fbd3689eb71475c7b1b202783a4fb1681acc7a3b8654b79c616f5ac10ced0398e518375443b98eb04d0fa888347bf7b15807e2bd10b318e37cffde238b179dc7bbe6630cda0db711cb49ae6c20f3eb05b02f9f50070b6713a760570bbba7e0793730e9a9dea8f0da685e92352d13dbbbb5b5ef7059aea3e1118a67c468e3f3becbd03bbf2d2ab1f5ae160f3dbd046716c20e7eb86caee78f8a7b238a038a1357beedf519cd27cb251f585cbefcdcebae4b8d0b7d3cfe5e4f7d8639c79793d8f68f5e7551c8a918fbe5ac64064f62a8828ccf895448153483b2160308414122d883d2645597f0a3a852f396bc6f0fc66d47e1e54a8fde7baeef4acbf2ba536142a95ba5cab4c577078e17f668777a091634909f46d85dcbf77da4fe6a0cfadedb4c47db77ba5ebab367ddd5deff61a04d2a246dddecf6cdc3d075da2ef6ef69757d46dd57d522b4b8f7e127543d834b069e00b6a609b41ff82cadc486d1a78ac06b8e9b5f1702a7e2c9dd55d56f6cacbe77fd8fde5a71ff50eba6c1d1c715bce0796c231739e5869d933ba49db8c85c48acc63793f153c1a371b19f103ca405421290c421baf1888eda4cb48b6335e4e529c749caae9e877cecba8eea5a76d20db592be7bc8de1b2644b2a19b91897b62eb1a2ca78c69fb2e0921c812bbb4a18ec06a4d4f8c6f009f339b43373ddefb2da91c6e9b6531d47bb67c8579bbbc900ce77cd71d233638eb3be38e249e3ec430b47c1b37eb208efeee01dbee0bb4ce5c8a353fa83d8d9c561489b113f6d4e6be6de0ba49b6e4203959eac72255adf569f4e4b990ba7f2254f9df581e3d430684305b915575bfc892ab70939e3d88efe173dd2d01cb01a578ca79e39ef6fa35fe9bbe82c736706ddb3e8e0e8bbe8e032c3de33d1b4db5a345f44b1221d93f67bcdc4ee03cad07df014392cfa499b24a1c4a72ff21be8194dcb5fbf0b2ad29ffbf7e0a0175acc9f629d98c5a5fcbde4e76b06c8bbcca00b6fe892baa939e4b05410d25142b6ac5d34c7a01196fa82208495d344800152bb52a2f39708e58e5bc0507612259b53a26866919122e4ed07367ed021dde2487b7cb0549d07635c57f8dde8936c7935a47f77fc0ebb4cfad56fef8093ceaeeff0c659d77622d9304e13ac9ea9673d3972950ec48f6cebcdf2a237f5bb614a33b65a5f8c6ff46afaa6c2c9a36fc03aaf9204f34bd27420af3fa4202f1194961cf0116d56e1f020a3afc3c6126278328ea9a9a0a869049033c55c43d93d2d922da5e6af6cc74bc9934da929741833e8874b35fd991acd12f757fa79e953e867b7dcdadd97fa4c3a9852b73687db5d1ff4e447434659abe3510a80518753baefb22dde34b069e0cb6a609b41ffb2fadca86d1a78b406b8d9113e14a734e7be499eba41be17cafff97ffc5f67ffeffff37f9ffdf3fff65f775acfb6d3f789e557d812d30d9a3721f57263bd832e1a9847dca4fb46dde46796df447a34cc069e7205b079e36c390a02f432d076b23d832ee3f752c6b29da9f1e9abc94167f9ee70ce9596811d470cba71eeb0a55a0e629662b641db86e53cb36cd9d07e2d996d8b94bea7c33a400b5ce2045235424418a3b61d63cfd879c9b90c7d3bd99919ef8ddc12c7119fbf6bdd33e98ba3aefaa293e5b799cdcb32f938e1a459aaebe5b6c43819c8029cb8452556be85ef92b80580c7130a21a6854b3b07a88aa672259d2b25da489d605d66bd9151c2bd437ce2589cf394ab0695f41789694fb769a1937ea7aec782e8dac92dc737af50680c31ae183b3ac67be872c271c4bddcbd9cf438eb8b839e0dc0a23eb8a3c6e896b40e392aab3e709f682c505687f5423bac10ab412d9183267a2cb6b1f3adcb07720f6712af4a81fe176202cca7c07863ff01b74bceb96776592d603a3c238c1e4bf5c9abfe9063a24512bc85c39c6b01aa426583d1fd032fda1cfa8c2df7db42b02aff355188344d0b39442a068ac4ddccd1bb83b39242791cdf9e35d67a27cfac33938ece985547cffd30ccb19cf53b5dc6fd7be3b7a5835de0b976b0ccdd0eaa2c3a7d9e237a6701341288a793d67df8e63d7244abfea8988e088c3115914d858cda67984e14759b3a1e784b35f71f59349fff2889334befc5cedf38c739f74325bfbfcf38740d21b9726208954ca1024020c1f29d74d5111dae9b03d11866edd4c392427852915bcf8f916ee50b2c7c76eda50e7d637577a3522e9e743caaa1b3f4bcf42083e0f04ed7f38bb3e7da20e53342a97cd438ce8f822db16960d3c017d5c03683fe45d5b911db34f0380d70936b63a1e3e39abe0d1f014fc1b843ff7fffffffd0f9eafce6fc727f77737db9df5f5dcad0e2736a2ae6f04dfcb56edaaf6414bd107f6eeafaac1a38bed19f22ada2a71bd60d52ceff31fd304271c889d9cedeb3e6ccf63173c5518e93d39a091ccbdb498ff2d939c7b06ee73c7471a4606a39c21e73690918ba9850b1a5aa08986a4926c3bb7ec1c0363d97f6a980450f9a1c76967090719a98956389ac9c2766bbf500a796ae13c73127bed1cedbe0763c9765f63c74a0391f38103d5b0bbcf9c751248facd88a84b83534043cdaea72b739ed5bdad98a73c53ab5061658aa16bcaa58874e07e09e20597ce0e43ff286539672701e1e0b3f5798b34e4bea4187fad8c10b1d86431ede94c3da0e2cf17062a7cff2319b5a388cc74eb7fce88e408466c9fb418fd27ebc21471d0715fcb1e45b3812a3822bd26008280ebd2e1fed2f473d0f19c09357a087071e0f922bcea3da20e7712ffb9f07563d33ec3a3862a2813a9aa6795a59d083a30ec74a122c538f97801e9ea953b8145247072037c73a014e61225a2f6d64bc05fc379fa3b5a63fd8996ed49a7644ae924c4e24f3c7fdb930bf3baef7c83df3addf8f9ea6a43f9915ae9528febde9379c8763edbc93cf83327fb28d8767ea07ae51ccaadf6bc9bbba2383646a2952e0dd7921081de38781912dda533ba44b3fec018fba3a2d63ce90914f21481f0874cddc11a05921ba66d698bcafb16abec58b874a3c70609ed85a541a5e958b8e940b9eda0b2e791c75308defe438a51f46f62926680287ba70e77bbb32baa71f70ce357b6e35686869853b33e776dccfdee9b7a8b7693483ce6706525fd1a7038cb6b06960d3c0afaf816d06fdd7d7f9c671d380351013c7a6cd438d50f8c83b2377db972fb57bfbabefce7ff9f9c74b6d3af55c06170eb83ebf6247fcb98c236ee0bf57fe07ddc07f27d2df514ddc8567271d32df4c38569d6d772914a7b967ca711efcad3919a8a4718232a399776771ca3313d8f976ce9765bb9919149de1c488074e821d054901630541a25b40321a33c511506cc8c228b4464e368301c393f75e3d6e2890f1def47b14d949867e19edcb0cdc3263de9f41f34cb91df5c54167a63c9f4593235eef9e3b6f789c023be0470eba9d07f1f54c3916623b186e08c222bde4b5f08a70063b8d024897834895a10625967452230fe2478249aafc412c40754b44700714ed2ef808dd48045505f0a94f75bc1d2712fb3c4e46e6e42a3d3e880353ac741c591ef0e8e7785406ed1e5b713ca85b72a07b1f1187743b767e30530f6ae827f30bd3e816becae781020f11f220017e4183af72c7ed339002ea835347a55da9f89890e995bc2d770a7c2e6e130409ec4e8ff2d486cf0acd94d71072c8a6ff5691b38c42ea0bd8f0ae58f9ce3e2e5e2a7918b460c8a72222c212d3220b12189574353830832cb052caeb5a4e2582b2fdbb499fd2afe96be21cecfaae8de570e615fbdd75369b539a7d31e87356031997dfad1c7ebf9b2e18ce311bd6f13e144bcef54c48e328facd18430684084f8b443e89c4d3997656e90425d91a28306305c4a822bbbbc303a0605ea68fdc3afcd0c9fc85afe299bea9a27380130e5bc7f9f7a0b2d10e21b5e8ae17723a3fc94013b867f3f8856fa273cfbf95febc6b9e56693194d804e15a6d7e2bb5fea28ed707d085cfcdea23c13a12f5d651a3a26260b3febb6c8b370d6c1af8f21ad866d0bfbc4e378a9b063ea981f966d737bd397e7077fc04c59f7efe6977f9c30fe757bb8bcbddddcd7319dbaf54c587e8ca7d3fbc561e07fd9f12efde2866591c4e3c3779d87fb3c166b15a8813d14b8fb1532e6ae692193f9c711f6369712d6df70c3ab3e81c18bdf5bea8eab763deefeb860f8ca2ca59a99db6735e568efa65381b311e1b0b59bb3b460213334612c8363e79eb52e5cada20add9b676cc990127ddef8e3bcf4c7939e6373799419f67cced987bc6bdebc5b9ef65f276be6de8e310e05cd4cc15bc238804af062a85f4e490d306b8d2c7216d4d3b57ed1628d007358e016b7db9d25c33e9386754ad32f426868d19b546cbc0969433a31a145c290deb060e3a01184ba7451786380b65fd4977049c10f8b51cc0329602345c5676aa2ace60a93e4fdefd4f5ff4a17ef738f02b0d9a65ad25d3cc8ab64c2ba75ae3993cfb4bb16119dc34da0d8b6c3cc842d6e2e78730480ab5c09cb1e7e594e1551a2cb136ae8b4911727672568001d1c3c05b06c791b2a4ad5559f529fc8a266241c7684e4416b53afa74db8a29e59f199a3ff45d7d6ecb10a2898aa792a018573ae5d7b3f3e42610f5d7fc252c81d2bfd219cbda71bee9e77e1027473cbf795da3e8777dfa9a77d5992ff5eeef6c68297cae5d179a61bf571f334e58f573d03beb7e58a932e4a11d1e5ef08c74ca679caaf8747023aa2d85319a3ff78bcbaad58afcc09158700e5614e03df2d080870d6e23baa9077e081699749e785a372dad08b143aa7f07e08f234cc87f030175cd4bdcd9318f774fbc2843aad0603adcea57f04ef15fd4cbcfd4af97baf7691f541ec358dd27d5f0a0bb8485c66048e898f40c27bf854d039b06be9c06b619f42fa7cb8dd2a681cfd2c06c26cc37bd99c8a36e8020bd7923a38b77cd0f575a27f942aff2bd9633f2bd6ea1dfab18675c0733e83b9c748edfe9c069c74167991c37ed271f567a94a5d179620ccfcc9ecb48c531c758d5e15879cfa0b773eed97376d2aeddb4317039848f334f9d63e7dc967f59370be7526975a46dc39c62ddcc1a9790ed4400a64a429c727b1ac269fb12439376e1f42e46a8366c1b4e79cd82e36c331b6e47bd66cbe598e75df38a6bc9bb97c2dba12be7ae9d3ce272fc7a96de8eb90d6719fb92a56540f0c8ce5907edaa96ac533829e0485b76ea8215dd053e551c143ab1d0fc30a44b3a9eebc081b0b84ae89676208162c6cf2c862bcf140a4f38404d6f148f4415509a23ce0e2de70f9e7eac5179c190a1ff849065c6811731d3c2cff68a85d27d66cc6599bbafd45fbd02a2fab3c7453f14c850551b68277fb59264ef8750dab24274119072b7908f366aeb8accd4c6e1cfc3809279c821b44a9b846840877412151329d4e88e12951fbaa4501957234d586502ea3345a34df04f4675c441e951ee44d34a3f356a98a3fd29ac3213bc932261fdf995166438165a8861d3916b52c70d2a79a21f1ce7808dd427dac3a13ee895117b0d001ced3db3e68a6f15e39cfbc061b703ceef962379ae7171cc75fd527aaf070217a2c3f50cfef0c059b722017c242ca5492df98795aaf95341b55d9157661801e79c7e63a93f3231d62427ed3e294b53555ccc8da62c7b28f4f52a8e7af46a3a542bfc2939c9f6249288ce3ddb33e88abd6840317005adc938ec6ef4c8e32f02690339ada8bbbbbf54e1fe4e5f7809cee3cf45d415501df9eeef8e1f4f6dc3dc34b069e0311ad866d01fa3a50d67d3c0afa481f946d82cfb86d8f90731953465b0bb93cb78bebfd28df9a58c4496b0fffefeb0fb41a6290ef90f3a70ca71d62923c641d7cddb0efa29d62a7abaa11be458061b8633078eb59d720c5419a638dd6c04d70e3a1b76795338cd9c67c9bbca28d7b1d7fe3afd3924bf672b23321b8965f6115ecdd79a9b3a0fe3d14636300e0570eda02891dd921bb6c4e0157a2546cec63ae518ed385e3d4bea197339ea3865a41dcb51bf1d33e6cbccb9cb80e3d8e1dc434769ef1ecd3bafa64b0c2cc6b2f961383b8fd32099f8b7854c729111f9ac13e93e21719f035ecad6f9aad2d19a6c43d7b149e9d42495a01a59c73a31a1d9cef74a543fec50d99035a4bb3eb9a6939200aad9553a4a96043cd11787fea22fa8d277055f8858d0d62d19eb153ce91be709543be7ea1beaa7ff1593a71f75f0ba42564aa4ffddb782136883db38b5b3f7643868cb0af3299cc66376174d228bf94896383ff0e740168d43a7d33678e50104f5960711867372a04d495554f005166ad17c70e6f382370889e0a085c3279968aaa2a010e38786700870ee7243905909081de3515e0c3256726d31588c26b51ad1fd47e11442b28838a313ffbc3a8c0b351c75e46039baf4cbb54b7d4cdfa37b66d2bdac5d33e5fb3b1c751dfce6756dbbe45d743d604c5f05df7570d2dd57a16b9e6e2842e0a8e781c6ea372031d1a8c5741b965437e9136a6ab4a1ced0131d68cf3f48b55d57555da7d536cda423cf4a7fa5b2108c1cc2c89fdb91ae417e5ec036430d7bf4eaaad01bd2a478ce4f455f6bb25bd533e8fca8192d04bdb52065ba130fd76af44f7af8f942fa7da6a716977a70a16732de246ea5c5547ddcb92b764c2df437e71f4769c3da34b069e0631ad866d03fa69dad6cd3c0df59031fbaa971c3eb9bde877066d1f6875b9956cfceb52bb0367e3bbc9429f24604e490dfb3a49de33fe850fea065ed3b96b673b004fe9b99415ff4d406f20cc180583e6fe419701c7319ab38deabe5edfdee396518bac472d6799f93591d0c47de65ef1974ef782d56e6b6b2cc9bbfdd9a74a814be0ec8aa9ea6b345c151a53abdc64fae8dd6c431d8ef30bae550fb5be6377763197b9cf46cfcc6e6702c67c7511fefa09723d7b3ec99812d27009ae50c382e6339ce630c679bbb34a18c63e44ecb3ba5b8f4329c629a211878ada5c6a18830e064204510706d5e079cf3aac654d07208848cc8423be0af2cbe81f38a2251a135ee4469245d7791249cbb3d4d25d82d7ad72d35b91d50701faa10bce870aa817c54405e47b2c3cbfeb693e6fea12c7d4f1f65593b0f66f4d0a5fb993eaf073610c279f1a116f712ffac2e915323271ec70ed9dc2ec4313e0e7ae4e93161d9c5db0f0b2c63b50758045685d4210bef062b072091cfd162f74f98a5d87c27ccd46bfc55c1a8607ec85dc56ec6205abfc92e2c9c399bfa087f82fe0a842e03b053db9909c770f2b4dff15438255396071fd6ad0628ce345fb466669b8781ecf8ee0df9f85daaafbca247d724562e735dbb65a58fe03c68bb64093c63025c0ef1e7b8104d8cbff41f4d4c2339e3f5212fd7b56e185a344e2b28e8253978105334b5c5c9952eaa14f451532968a93ea3ade18c4504f118a25807f2f431302d47d71a442df64e3a4889cec2a3dd1e7c86ba62557892915522c97b067dcef343d50f70f75ef14b35fbb95a7b255d5e5edfdc5c48873cfe896abe40d35b931d7f01921b894d039b06a4816d067d1b069b06be420d70f7fc9c3be8ddfdfbb367fb3732cf2eae6eefaf5f6889a066c959cebefb83ac92ffa49be77f569a197439f0de388e4de4faf82696b863205867a5b8d69fed4c9560dc619bf48ed9cc9cb773ceac39ce78c7fe0635cef9f4fe793be818ca36602b260d0f4ee11fcecd3f46a1ca15dae04c4e67906cd92821237564e58425ddad92016bbc8a65606370b663e46f9c6388cb28c511e3ddf2d512f6cafb9d733b6b3d83de31cbe0e5c4a9feec7c91b6f337cd9467763572e85cf257dbba0128c4ff16da4da4c8b0282b6d2f1544812004bcb47ac9a7947c310969, '2024-11-25 01:36:15', 0);
COMMIT;

/*!40101 SET CHARACTER_SET_CLIENT=@OLD_CHARACTER_SET_CLIENT */;
/*!40101 SET CHARACTER_SET_RESULTS=@OLD_CHARACTER_SET_RESULTS */;
/*!40101 SET COLLATION_CONNECTION=@OLD_COLLATION_CONNECTION */;
